FIRST NAME,LAST NAME,SEASON,GENDER,SPORT,EVENT/POSITION/CLASS,OLYMPIC EXPERIENCE,HEIGHT,WEIGHT,DOB,HOMETOWN CITY,LAT,LONG,HOMETOWN STATE,STATE ABR
Stacey,Cook,Winter,F,Alpine Skiing,Did Not Compete,"2006, 2010, 2014","5'4""",160,7/3/84,Mammoth Lakes,37.6273,-118.99,Calif.,CA
Breezy,Johnson,Winter,F,Alpine Skiing,"Downhill, Super-G",,"5'8""",,1/19/96,Jackson ,#N/A,#N/A,Wyo.,WY
Tricia ,Mangan,Winter,F,Alpine Skiing,"Giant Slalom, Alpine Team Event",,"5'8""",140,3/7/97,Buffalo,42.9016,-78.8487,N.Y.,NY
Megan,McJames,Winter,F,Alpine Skiing,"Giant Slalom, Slalom, Alpine Team Event","2010, 2014","5'6""",135,9/24/87,Park City,40.6505,-111.502,Utah,UT
Alice,McKennis,Winter,F,Alpine Skiing,"Downhill, Super-G",2010,"5'6""",158,8/18/89,New Castle,40.9956,-80.3459,Colo.,CO
Alice,Merryweather,Winter,F,Alpine Skiing,"Alpine Combined, Slalom, Alpine Team Event",,"5'8""",150,10/5/96,Hingham,43.6465,-87.9151,Mass.,MA
Laurenne,Ross,Winter,F,Alpine Skiing,"Downhill, Super-G",2014,"5'7""",150,8/17/88,Bend,44.0562,-121.3087,Ore.,OR
Mikaela,Shiffrin,Winter,F,Alpine Skiing,"Alpine Combined, Giant Slalom, Slalom",2014,"5'7""",146,3/13/95,Vail,32.0217,-110.6937,Colo.,CO
Resi,Stiegler,Winter,F,Alpine Skiing,"Giant Slalom, Slalom","2006, 2014","5'7""",135,11/14/85,Jackson ,#N/A,#N/A,Wyo.,WY
Lindsey,Vonn,Winter,F,Alpine Skiing,"Alpine Combined, Downhill, Super-G","2002, 2006, 2010","5'10""",140,10/18/84,Vail,32.0217,-110.6937,Colo.,CO
Jacqueline,Wiles,Winter,F,Alpine Skiing,Did Not Compete,2014,"5'7""",160,7/13/92,Portland,45.5372,-122.65,Ore.,OR
Bryce,Bennett,Winter,M,Alpine Skiing,"Alpine Combined, Downhill",,"6'7""",220,7/14/92,Tahoe Vista,39.2483,-120.0535,Calif.,CA
Tommy,Biesemeyer,Winter,M,Alpine Skiing,Did Not Compete,,"6'0""",190,1/30/89,Keene,42.9494,-72.2997,N.Y.,NY
David,Chodounsky,Winter,M,Alpine Skiing,"Slalom, Alpine Team Event",2014,"5'11""",185,6/25/84,Crested Butte,38.8675,-106.9772,Colo.,CO
Ryan,Cochran-Siegle,Winter,M,Alpine Skiing,"Alpine Combined, Downhill, Giant Slalom, Super-G",,"6'1""",200,3/27/92,Starksboro,#N/A,#N/A,Vt.,VT
Mark,Engel,Winter,M,Alpine Skiing,"Slalom, Alpine Team Event",,"5'9""",175,10/1/91,Truckee,39.3455,-120.1848,Calif.,CA
Tommy,Ford,Winter,M,Alpine Skiing,Giant Slalom,2010,"5'11""",165,3/20/89,Bend,44.0562,-121.3087,Ore.,OR
Jared,Goldberg,Winter,M,Alpine Skiing,"Alpine Combined, Downhill, Super-G",2014,"6'0""",200,6/17/91,Salt Lake City ,40.7777,-111.9306,Utah,UT
Tim,Jitloff,Winter,M,Alpine Skiing,Giant Slalom,2014,"5'11""",195,1/11/85,Reno,39.5497,-119.8483,Nev.,NV
Nolan,Kasper,Winter,M,Alpine Skiing,"Slalom, Alpine Team Event","2010, 2014","5'8""",180,3/27/89,Warren,42.4934,-83.027,Vt.,VT
Ted,Ligety,Winter,M,Alpine Skiing,"Alpine Combined, Giant Slalom, Super-G","2006, 2010, 2014","5'11""",190,8/31/84,Park City,40.6505,-111.502,Utah,UT
Wiley,Maple,Winter,M,Alpine Skiing,Downhill,,"6'2""",220,5/25/90,Aspen,39.195,-106.8369,Colo.,CO
Steven,Nyman,Winter,M,Alpine Skiing,Did Not Compete,"2006, 2010, 2014","6'4""",220,2/12/82,Sundance,44.4048,-104.3623,Utah,UT
Andrew,Weibrecht,Winter,M,Alpine Skiing,Super-G,"2010, 2014","5'7""",190,2/10/86,Lake Placid,27.2977,-81.3715,N.Y.,NY
Emily,Dreissigacker,Winter,F,Biathlon,"15K Individual, 7.5K Sprint, 10K Pursuit, 4X6K Relay",,"5'9""",150,11/29/88,Morrisville,35.8367,-78.8348,Vt.,VT
Susan,Dunklee,Winter,F,Biathlon,"15K Individual, 7.5K Sprint, 4X6K Relay, Mixed Relay",2014,"5'7""",143,2/13/86,Barton,39.5323,-79.0171,Vt.,VT
Clare,Egan,Winter,F,Biathlon,"15K Individual, 7.5K Sprint, 4X6K Relay",,"5'8""",125,11/19/87,Cape Elizabeth,#N/A,#N/A,Maine,ME
Maddie,Phaneuf,Winter,F,Biathlon,Did Not Compete,,"5'4""",140,4/29/95,Old Forge,41.3705,-75.7409,N.Y.,NY
Joanne,Reid,Winter,F,Biathlon,"15K Individual, 7.5K Sprint, 4X6K Relay, Mixed Relay",,"5'5""",115,6/28/92,Boulder,46.2358,-112.1198,Colo.,CO
Lowell,Bailey,Winter,M,Biathlon,"20K Individual, 10K Sprint, 12.5K Pursuit, 4X7.5K Relay, Mixed Relay","2006, 2010, 2014","6'1""",170,7/15/81,Lake Placid,27.2977,-81.3715,N.Y.,NY
Tim,Burke,Winter,M,Biathlon,"20K Individual, 10K Sprint, 12.5K Pursuit, 4X7.5K Relay, Mixed Relay","2006, 2010, 2014","5'11""",160,2/3/82,Lake Placid,27.2977,-81.3715,N.Y.,NY
Russell,Currier,Winter,M,Biathlon,Did Not Compete,2014,"5'6""",148,6/26/87,Stockholm,45.1018,-96.7998,Maine,ME
Sean,Doherty,Winter,M,Biathlon,"20K Individual, 10K Sprint, 4X7.5K Relay",2014,"6'0""",168,6/8/95,North Conway,44.0524,-71.1247,N.H.,NH
Leif,Nordgren,Winter,M,Biathlon,"20K Individual, 10K Sprint, 12.5K Pursuit, 4X7.5K Relay",2014,"6'2""",175,5/18/89,Marine on St. Croix,45.1983,-92.7783,Minn.,MN
Aja,Evans,Winter,F,Bobsled,Women's Two-Man/Push,2014,"5'10""",170,5/12/88,Chicago,41.8373,-87.6862,Ill.,IL
Lauren,Gibbs,Winter,F,Bobsled,Women's Two-Man/Push,,"5'10""",170,3/2/84,Denver,39.7621,-104.8759,Colo.,CO
Jamie,Greubel Poser,Winter,F,Bobsled,Women's Two-Man/Pilot,2014,"5'9""",162,11/9/83,Newtown,39.1243,-84.3516,Pa.,PA
Elana,Meyers Taylor,Winter,F,Bobsled,Women's Two-Man/Pilot,"2010, 2014","5'7""",175,10/10/84,Douglasville,33.7384,-84.7065,Ga.,GA
Hakeem,Abdul-Saboor,Winter,M,Bobsled,"Four-Man, Two-Man/Push",,"6'0""",230,11/7/87,Powhatan,37.5427,-77.9267,Va.,VA
Codie,Bascue,Winter,M,Bobsled,"Four-Man, Two-Man/Pilot",,"5'9""",208,7/13/94,Whitehall,39.9682,-82.8833,N.Y.,NY
Nick,Cunningham,Winter,M,Bobsled,"Four-Man, Two-Man/Pilot","2010, 2014","5'11""",210,5/8/85,Monterey,36.5922,-121.8807,Calif.,CA
Chris,Fogt,Winter,M,Bobsled,Four-Man/Push,"2010, 2014","6'0""",205,5/29/83,Alpine,32.8439,-116.7585,Utah,UT
Chris,Kinney,Winter,M,Bobsled,Four-Man/Push,,"6'2""",217,11/9/88,Stockbridge,33.5253,-84.2294,Ga.,GA
Steven,Langton,Winter,M,Bobsled,Four-Man/Push,"2010, 2014","6'3""",235,4/15/83,Melrose,42.4556,-71.059,Mass.,MA
Sam,McGuffie,Winter,M,Bobsled,"Four-Man, Two-Man/Push",,"5'11""",210,10/16/89,Cypress,33.8171,-118.0386,Texas,TX
Sam,Michener,Winter,M,Bobsled,Four-Man/Push,,"5'9""",207,5/24/87,Gresham,45.5023,-122.4413,Ore.,OR
Justin,Olsen,Winter,M,Bobsled,"Four-Man, Two-Man/Pilot","2010, 2014","6'2""",230,4/16/87,San Antonio,29.4658,-98.5253,Texas,TX
Carlo,Valdes,Winter,M,Bobsled,Four-Man/Push,,"6'2""",230,2/11/90,Newport Beach,33.6151,-117.8669,Calif.,CA
Nathan,Weber,Winter,M,Bobsled,Four-Man/Push,,"6'2""",225,2/1/87,Pueblo West,38.3551,-104.7266,Colo.,CO
Evan,Weinstock,Winter,M,Bobsled,"Four-Man, Two-Man/Push",,"6'4""",215,10/30/91,Las Vegas,36.2333,-115.2654,Nev.,NV
Sadie,Bjornsen,Winter,F,Cross-Country Skiing,"Sprint Classic, 10K Freestyle, 30K Mass Start Classic, 4X5K Relay",2014,"5'9""",145,11/21/89,Winthrop,42.3751,-70.9847,Wash.,WA
Rosie,Brennan,Winter,F,Cross-Country Skiing,7.5K/7.5K Skiathlon ,,"5'6""",150,12/2/88,Anchorage,61.1508,-149.1091,Alaska,AK
Sophie,Caldwell,Winter,F,Cross-Country Skiing,"Sprint Classic, 4X5K Relay",2014,"5'7""",130,3/22/90,Peru,41.3484,-89.137,Vt.,VT
Jessie,Diggins,Winter,F,Cross-Country Skiing,"Sprint Classic, 10K Freestyle, 30K Mass Start Classic, 7.5K/7.5K Skiathlon, Team Sprint Freestyle, 4X5K Relay",2014,"5'4""",128,8/26/91,Afton,44.9042,-92.8174,Minn.,MN
Rosie,Frankowski,Winter,F,Cross-Country Skiing,30K Mass Start Classic,,"5'2""",112,7/30/91,Minneapolis,39.1243,-97.6997,Minn.,MN
Annie,Hart,Winter,F,Cross-Country Skiing,Did Not Compete,,"5'7""",138,8/20/92,Stillwater,36.1316,-97.074,Minn.,MN
Kaitlynn,Miller,Winter,F,Cross-Country Skiing,Did Not Compete,,"5'7""",130,8/9/91,Elmore,41.4707,-83.2912,Vt.,VT
Caitlin,Patterson,Winter,F,Cross-Country Skiing,"7.5K/7.5K Skiathlon, 30K Mass Start Classic",,"5'9""",132,1/30/90,Craftsbury,#N/A,#N/A,Vt.,VT
Kikkan,Randall,Winter,F,Cross-Country Skiing,"10K Freestyle, 7.5K/7.5K Skiathlon, Team Sprint Freestyle, 4X5K Relay","2002, 2006, 2010, 2014","5'5""",135,12/31/82,Anchorage,61.1508,-149.1091,Alaska,AK
Ida,Sargent,Winter,F,Cross-Country Skiing,Sprint Classic,2014,"5'4""",125,1/25/88,Craftsbury,#N/A,#N/A,Vt.,VT
Liz,Stephen,Winter,F,Cross-Country Skiing,10K Freestyle,"2010, 2014","5'2""",105,1/12/87,Montpelier,44.2658,-72.5717,Vt.,VT
Erik,Bjornsen,Winter,M,Cross-Country Skiing,"Sprint Classic, 15K Freestyle, 15K/15K Skiathlon, Team Sprint Freestyle",2014,"6'1""",175,7/14/91,Winthrop,42.3751,-70.9847,Wash.,WA
Patrick,Caldwell,Winter,M,Cross-Country Skiing,15K/15K Skiathlon ,,"6'0""",170,2/18/94,Lyme,#N/A,#N/A,N.H.,NH
Simi,Hamilton,Winter,M,Cross-Country Skiing,"Sprint Classic, Team Sprint Freestyle","2010, 2014","5'11""",175,5/14/87,Aspen,39.195,-106.8369,Colo.,CO
Logan,Hanneman,Winter,M,Cross-Country Skiing,Sprint Classic,,"6'1""",185,6/2/93,Fairbanks,64.8353,-147.6534,Alaska,AK
Reese,Hanneman,Winter,M,Cross-Country Skiing,4X10K Relay,,"5'11""",175,12/25/89,Fairbanks,64.8353,-147.6534,Alaska,AK
Noah,Hoffman,Winter,M,Cross-Country Skiing,"15K Freestyle, 50K Mass Start Classic, 15K/15K Skiathlon, 4X10K Relay",2014,"5'9""",160,8/1/89,Aspen,39.195,-106.8369,Colo.,CO
Tyler,Kornfield,Winter,M,Cross-Country Skiing,"15K Freestyle, 50K Mass Start Classic",,"6'2""",190,2/9/91,Anchorage,61.1508,-149.1091,Alaska,AK
Andy,Newell,Winter,M,Cross-Country Skiing,"Sprint Classic, 4X10K Relay","2006, 2010, 2014","5'10""",157,11/30/83,Shaftsbury,42.9411,-73.202,Vt.,VT
Scott,Patterson,Winter,M,Cross-Country Skiing,"15K Freestyle, 50K Mass Start Classic, 15K/15K Skiathlon, 4X10K Relay",,"5'11""",160,1/28/92,Craftsbury,#N/A,#N/A,Vt.,VT
Cory,Christensen,Winter,F,Curling,Team Roth/Fifth,,"5'4""",115,12/1/94,Duluth,46.7756,-92.1392,Minn.,MN
Aileen,Geving,Winter,F,Curling,Team Roth/Second,,"5'5""",132,2/13/87,Duluth,46.7756,-92.1392,Minn.,MN
Becca,Hamilton,Winter,F,Curling,"Team Roth/Lead, Mixed Doubles",,"5'5""",167,7/12/90,McFarland,35.6781,-119.2414,Wis.,WI
Tabitha,Peterson,Winter,F,Curling,Team Roth/Third,,"5'4""",130,3/6/89,Eagan,44.8169,-93.1638,Minn.,MN
Nina,Roth,Winter,F,Curling,Team Roth/Skip,,"5'5""",143,7/21/88,McFarland,35.6781,-119.2414,Wis.,WI
Tyler,George,Winter,M,Curling,Team Shuster/Third,,"6'0""",170,10/6/82,Duluth,46.7756,-92.1392,Minn.,MN
Matt,Hamilton,Winter,M,Curling,"Team Shuster/Second, Mixed Doubles",,"6'2""",215,2/19/89,McFarland,35.6781,-119.2414,Wis.,WI
John,Landsteiner,Winter,M,Curling,Team Shuster/Lead,2014,"5'10""",180,5/19/90,Duluth,46.7756,-92.1392,Minn.,MN
Joe,Polo,Winter,M,Curling,Team Shuster/Fifth,2006,"5'9""",195,12/10/82,Duluth,46.7756,-92.1392,Minn.,MN
John,Shuster,Winter,M,Curling,Team Shuster/Skip,"2006, 2010, 2014","6'0""",200,11/3/82,Chisholm,47.4877,-92.8788,Minn.,MN
Karen,Chen,Winter,F,Figure Skating,Singles,,"5'0""",105,8/16/99,Fremont,37.5265,-121.9852,Calif.,CA
Madison,Chock,Winter,F,Figure Skating,Ice Dance,2014,"5'2""",108,7/2/92,Redondo Beach,33.8574,-118.3766,Calif.,CA
Madison,Hubbell,Winter,F,Figure Skating,Ice Dance,,"5'8""",150,2/24/91,Sylvania,41.71,-83.7091,Ohio,OH
Mirai,Nagasu,Winter,F,Figure Skating,"Singles, Team Event",2010,"5'4""",125,4/16/93,Arcadia,34.1342,-118.0373,Calif.,CA
Alexa,Scimeca Knierim,Winter,F,Figure Skating,"Pairs, Team Event",,"5'2""",102,6/10/91,Addison,41.9314,-88.0085,Ill.,IL
Maia,Shibutani,Winter,F,Figure Skating,"Ice Dance, Team Event",2014,"5'3""",112,7/20/94,Ann Arbor,42.2755,-83.7312,Mich.,MI
Bradie,Tennell,Winter,F,Figure Skating,"Singles, Team Event",,"5'6""",122,1/31/98,Carpentersville,42.1227,-88.2895,Ill.,IL
Evan,Bates,Winter,M,Figure Skating,Ice Dance,"2010, 2014","6'1""",170,2/23/89,Ann Arbor,42.2755,-83.7312,Mich.,MI
Nathan,Chen,Winter,M,Figure Skating,"Singles, Team Event",,"5'6""",135,5/5/99,Salt Lake City ,40.7777,-111.9306,Utah,UT
Zachary,Donohue,Winter,M,Figure Skating,Ice Dance,,"6'2""",197,1/8/91,Madison,43.0826,-89.3931,Conn.,CT
Chris,Knierim,Winter,M,Figure Skating,"Pairs, Team Event",,"6'2""",187,11/5/87,San Diego ,32.8312,-117.1225,Calif.,CA
Adam,Rippon,Winter,M,Figure Skating,"Singles, Team Event",,"5'7""",145,11/11/89,Los Angeles,34.1139,-118.4068,Calif.,CA
Alex,Shibutani,Winter,M,Figure Skating,"Ice Dance, Team Event",2014,"6'0""",160,4/25/91,Ann Arbor,42.2755,-83.7312,Mich.,MI
Vincent,Zhou,Winter,M,Figure Skating,Singles,,"5'7""",128,10/25/00,Palo Alto,37.3913,-122.1468,Calif.,CA
Maddie,Bowman,Winter,F,Freestyle Skiing,Halfpipe,2014,"5'1""",138,1/10/94,South Lake Tahoe,38.9393,-119.9828,Calif.,CA
Ashley,Caldwell,Winter,F,Freestyle Skiing,Aerials,"2010, 2014","5'7""",135,9/14/93,Ashburn,39.03,-77.4711,Va.,VA
Caroline,Claire,Winter,F,Freestyle Skiing,Slopestyle,,"5'8""",155,2/2/00,Manchester Center,43.1822,-73.0362,Vt.,VT
Annalisa,Drew,Winter,F,Freestyle Skiing,Halfpipe,2014,"5'4""",115,5/28/93,Andover,45.2571,-93.3265,Mass.,MA
Tess,Johnson,Winter,F,Freestyle Skiing,Moguls,,"5'4""",117,6/19/00,Vail,32.0217,-110.6937,Colo.,CO
Jaelin,Kauf,Winter,F,Freestyle Skiing,Moguls,,"5'4""",135,9/26/96,Alta,42.6717,-95.3045,Wyo.,WY
Devin,Logan,Winter,F,Freestyle Skiing,"Halfpipe, Slopestyle",2014,"5'9""",185,2/17/93,West Dover,#N/A,#N/A,Vt.,VT
Keaton,McCargo,Winter,F,Freestyle Skiing,Moguls,,"5'6""",120,7/10/95,Telluride,37.9364,-107.8269,Colo.,CO
Kiley,McKinnon,Winter,F,Freestyle Skiing,Aerials,,"5'9""",125,9/1/95,Madison,43.0826,-89.3931,Conn.,CT
Madison,Olsen,Winter,F,Freestyle Skiing,Aerials,,"5'7""",135,4/7/95,Park City,40.6505,-111.502,Utah,UT
Morgan,Schild,Winter,F,Freestyle Skiing,Moguls,,"5'7""",150,8/25/97,Pittsford,#N/A,#N/A,N.Y.,NY
Brita,Sigourney,Winter,F,Freestyle Skiing,Halfpipe,2014,"5'7""",125,1/17/90,Carmel,39.965,-86.146,Calif.,CA
Darian,Stevens,Winter,F,Freestyle Skiing,Slopestyle,,"5'1""",130,10/29/96,Missoula,46.875,-114.0214,Mont.,MT
Maggie,Voisin,Winter,F,Freestyle Skiing,Slopestyle,2014,"5'3""",125,12/14/98,Whitefish,48.4329,-114.3591,Mont.,MT
Casey,Andringa,Winter,M,Freestyle Skiing,Moguls,,"5'11""",180,10/6/95,Boulder,46.2358,-112.1198,Colo.,CO
Aaron,Blunck,Winter,M,Freestyle Skiing,Halfpipe,2014,"6'0""",165,4/12/96,Crested Butte,38.8675,-106.9772,Colo.,CO
Mac,Bohonnon,Winter,M,Freestyle Skiing,Aerials,2014,"5'8""",145,3/27/95,Madison,43.0826,-89.3931,Conn.,CT
Alex,Ferreira,Winter,M,Freestyle Skiing,Halfpipe,,"5'9""",140,8/14/94,Aspen,39.195,-106.8369,Colo.,CO
Nick,Goepper,Winter,M,Freestyle Skiing,Slopestyle,2014,"6'0""",162,3/14/94,Lawrenceburg,38.0332,-84.9032,Ind.,IN
Alex,Hall,Winter,M,Freestyle Skiing,Slopestyle,,"6'4""",180,9/21/98,Park City,40.6505,-111.502,Utah,UT
Gus,Kenworthy,Winter,M,Freestyle Skiing,Slopestyle,2014,"5'10""",175,10/1/91,Telluride,37.9364,-107.8269,Colo.,CO
Jon,Lillis,Winter,M,Freestyle Skiing,Aerials,,"5'6""",130,8/20/94,Rochester,43.168,-77.6162,N.Y.,NY
Eric,Loughran,Winter,M,Freestyle Skiing,Aerials,,"5'10""",165,4/12/95,Pelham,33.3114,-86.7573,N.H.,NH
Troy,Murphy,Winter,M,Freestyle Skiing,Moguls,,"5'11""",165,6/13/92,Bethel,60.7928,-161.7917,Maine,ME
Emerson,Smith,Winter,M,Freestyle Skiing,Moguls,,"6'1""",168,2/13/97,Dover,39.161,-75.5203,Vt.,VT
McRae,Williams,Winter,M,Freestyle Skiing,Slopestyle,,"6'2""",175,10/23/90,Park City,40.6505,-111.502,Utah,UT
Bradley,Wilson,Winter,M,Freestyle Skiing,Moguls,2014,"5'10""",165,6/5/92,Butte,45.902,-112.6571,Mont.,MT
David,Wise,Winter,M,Freestyle Skiing,Halfpipe,2014,"6'1""",185,6/30/90,Reno,39.5497,-119.8483,Nev.,NV
Torin,Yater-Wallace,Winter,M,Freestyle Skiing,Halfpipe,2014,"5'9""",148,12/2/95,Basalt,39.3663,-107.0414,Colo.,CO
Cayla,Barnes,Winter,F,Ice Hockey,Defense,,"5'1""",145,1/7/99,Eastvale,33.9617,-117.5802,Calif.,CA
Kacey,Bellamy,Winter,F,Ice Hockey,Defense,"2010, 2014","5'7""",145,4/22/87,Westfield,40.0333,-86.1532,Mass.,MA
Hannah,Brandt,Winter,F,Ice Hockey,Forward,,"5'6""",150,11/27/93,Vadnais Heights,45.057,-93.0748,Minn.,MN
Dani,Cameranesi,Winter,F,Ice Hockey,Forward,,"5'5""",148,6/30/95,Plymouth,45.0225,-93.4618,Minn.,MN
Kendall,Coyne,Winter,F,Ice Hockey,Forward,2014,"5'2""",123,5/25/92,Palos Heights,41.6637,-87.7959,Ill.,IL
Brianna,Decker,Winter,F,Ice Hockey,Forward,2014,"5'4""",150,5/13/91,Dousman,43.0088,-88.476,Wis.,WI
Meghan,Duggan,Winter,F,Ice Hockey,Forward,"2010, 2014","5'10""",164,9/3/87,Danvers,40.5299,-89.1751,Mass.,MA
Kali,Flanagan,Winter,F,Ice Hockey,Defense,,"5'4""",142,9/19/95,Burlington,36.0758,-79.4686,Mass.,MA
Nicole,Hensley,Winter,F,Ice Hockey,Goalie,,"5'7""",155,6/23/94,Lakewood,39.6977,-105.1168,Colo.,CO
Megan,Keller,Winter,F,Ice Hockey,Defense,,"5'11""",160,5/1/96,Farmington,36.7555,-108.1823,Mich.,MI
Amanda,Kessel,Winter,F,Ice Hockey,Forward,2014,"5'5""",136,8/28/91,Madison,43.0826,-89.3931,Wis.,WI
Hilary,Knight,Winter,F,Ice Hockey,Forward,"2010, 2014","5'11""",175,7/12/89,Sun Valley,39.6106,-119.7765,Idaho,ID
Jocelyne,Lamoureux-Davidson,Winter,F,Ice Hockey,Forward,"2010, 2014","5'6""",150,7/3/89,Grand Forks,47.9218,-97.0886,N.D.,ND
Monique,Lamoureux-Morando,Winter,F,Ice Hockey,Forward,"2010, 2014","5'6""",147,7/3/89,Grand Forks,47.9218,-97.0886,N.D.,ND
Gigi,Marvin,Winter,F,Ice Hockey,Forward,"2010, 2014","5'8""",159,3/7/87,Warroad,48.9169,-95.3272,Minn.,MN
Sidney,Morin,Winter,F,Ice Hockey,Defense,,"5'5""",140,6/6/95,Minnetonka,44.9322,-93.4598,Minn.,MN
Kelly,Pannek,Winter,F,Ice Hockey,Forward,,"5'8""",165,12/29/95,Plymouth,45.0225,-93.4618,Minn.,MN
Amanda,Pelkey,Winter,F,Ice Hockey,Forward,,"5'3""",135,5/29/93,Montpelier,44.2658,-72.5717,Vt.,VT
Emily,Pfalzer,Winter,F,Ice Hockey,Defense,,"5'3""",125,6/14/93,Buffalo,42.9016,-78.8487,N.Y.,NY
Alex,Rigsby,Winter,F,Ice Hockey,Goalie,,"5'7""",150,1/3/92,Delafield,43.072,-88.3913,Wis.,WI
Maddie,Rooney,Winter,F,Ice Hockey,Goalie,,"5'5""",145,7/7/97,Andover,45.2571,-93.3265,Minn.,MN
Haley,Skarupa,Winter,F,Ice Hockey,Forward,,"5'6""",140,1/3/94,Rockville ,39.0834,-77.1552,Md.,MD
Lee,Stecklein,Winter,F,Ice Hockey,Defense,2014,"6'0""",175,4/23/94,Roseville,38.7703,-121.3196,Minn.,MN
Mark,Arcobello,Winter,M,Ice Hockey,Forward,,"5'8""",170,8/12/88,Milford,41.2256,-73.0616,Conn.,CT
Chad,Billins,Winter,M,Ice Hockey,Defense,,"5'10""",185,5/26/89,Marysville,48.0809,-122.1561,Mich.,MI
Jonathan,Blum,Winter,M,Ice Hockey,Defense,,"6'1""",195,1/30/89,Ladera Ranch,33.5491,-117.6416,Calif.,CA
Will,Borgen,Winter,M,Ice Hockey,Defense,,"6'2""",195,12/19/96,Moorhead,46.8673,-96.7461,Minn.,MN
Chris,Bourque,Winter,M,Ice Hockey,Forward,,"5'8""",180,1/29/86,North Reading,#N/A,#N/A,Mass.,MA
Bobby,Butler,Winter,M,Ice Hockey,Forward,,"6'0""",189,4/26/87,Marlborough,42.3494,-71.5468,Mass.,MA
Ryan,Donato,Winter,M,Ice Hockey,Forward,,"6'1""",196,4/9/96,Scituate,42.2121,-70.7652,Mass.,MA
Matt,Gilroy,Winter,M,Ice Hockey,Defense,,"6'1""",200,7/20/84,Bellmore,40.6569,-73.5285,N.Y.,NY
Brian,Gionta,Winter,M,Ice Hockey,Forward,2006,"5'7""",175,1/18/79,Rochester,43.168,-77.6162,N.Y.,NY
Jordan,Greenway,Winter,M,Ice Hockey,Forward,,"6'5""",235,2/16/97,Canton,40.8075,-81.3677,N.Y.,NY
Ryan,Gunderson,Winter,M,Ice Hockey,Defense,,"5'9""",170,8/16/85,Bensalem,#N/A,#N/A,Pa.,PA
Chad,Kolarik,Winter,M,Ice Hockey,Forward,,"5'11""",185,1/26/86,Abington,#N/A,#N/A,Pa.,PA
David,Leggio,Winter,M,Ice Hockey,Goalie,,"6'0""",185,7/31/84,Buffalo,42.9016,-78.8487,N.Y.,NY
Broc,Little,Winter,M,Ice Hockey,Forward,,"5'9""",170,3/24/88,Rindge ,#N/A,#N/A,N.H.,NH
Brandon,Maxwell,Winter,M,Ice Hockey,Goalie,,"6'1""",196,3/22/91,Winter Park,28.5987,-81.3438,Fla.,FL
John,McCarthy,Winter,M,Ice Hockey,Forward,,"6'1""",195,8/9/86,Boston,42.3188,-71.0846,Mass.,MA
Brian,O'Neill,Winter,M,Ice Hockey,Forward,,"5'9""",174,6/1/88,Yardley,40.2408,-74.8385,Pa.,PA
Garrett,Roe,Winter,M,Ice Hockey,Forward,,"5'9""",178,2/22/88,Vienna,38.8996,-77.2597,Va.,VA
Bobby,Sanguinetti,Winter,M,Ice Hockey,Defense,,"6'2""",190,2/29/88,Wilmington,34.21,-77.8866,N.C.,NC
Jim,Slater,Winter,M,Ice Hockey,Forward,,"6'0""",200,12/9/82,Lapeer,43.0447,-83.3254,Mich.,MI
Ryan,Stoa,Winter,M,Ice Hockey,Forward,,"6'3""",210,4/13/87,Bloomington,40.4757,-88.9703,Minn.,MN
Troy,Terry,Winter,M,Ice Hockey,Forward,,"6'0""",179,9/10/97,Highlands Ranch,39.5419,-104.9708,Colo.,CO
Noah,Welch,Winter,M,Ice Hockey,Defense,,"6'4""",215,8/26/82,Brighton,39.9716,-104.7964,Mass.,MA
James,Wisniewski,Winter,M,Ice Hockey,Defense,,"6'0""",205,2/21/84,Canton,40.8075,-81.3677,Mich.,MI
Ryan,Zapolski,Winter,M,Ice Hockey,Goalie,,"6'0""",203,11/11/86,Erie,42.1168,-80.0733,Pa.,PA
Summer,Britcher,Winter,F,Luge,"Singles, Team Event",2014,"5'10""",170,3/21/94,Glen Rock,40.9601,-74.1249,Pa.,PA
Erin,Hamlin,Winter,F,Luge,Singles,"2006, 2010, 2014","5'7""",156,11/19/86,Remsen,42.8148,-95.9725,N.Y.,NY
Emily,Sweeney,Winter,F,Luge,Singles,,"5'5""",148,3/16/93,Suffield,41.983,-72.6463,Conn.,CT
Justin,Krewson,Winter,M,Luge,Doubles,,"6'2""",175,7/24/96,Eastport,40.8407,-72.7251,N.Y.,NY
Chris,Mazdzer,Winter,M,Luge,"Singles, Team Event","2010, 2014","6'1""",215,6/26/88,Saranac Lake,44.3245,-74.1314,N.Y.,NY
Taylor,Morris,Winter,M,Luge,Singles,,"5'11""",188,6/4/91,Salt Lake City ,40.7777,-111.9306,Utah,UT
Matt,Mortensen,Winter,M,Luge,"Doubles, Team Event",2014,"6'0""",192,12/11/85,Huntington Station,40.8446,-73.405,N.Y.,NY
Andrew,Sherk,Winter,M,Luge,Doubles,,"5'8""",160,4/15/92,Fort Washington,38.7339,-77.0069,Pa.,PA
Jayson,Terdiman,Winter,M,Luge,"Doubles, Team Event",2014,"5'7""",160,12/21/88,Berwick,41.0555,-76.2492,Pa.,PA
Tucker,West,Winter,M,Luge,Singles,2014,"6'1""",195,6/15/95,Ridgefield,40.8313,-74.0147,Conn.,CT
Ben,Berend,Winter,M,Nordic Combined,"Large Hill/10K, Team Large Hill/4X5K",,"5'9""",145,6/29/95,Steamboat Springs,40.4777,-106.8243,Colo.,CO
Bryan,Fletcher,Winter,M,Nordic Combined,"Large Hill/10K, Normal Hill/10K, Team Large Hill/4X5K",2014,"5'9""",140,6/27/86,Steamboat Springs,40.4777,-106.8243,Colo.,CO
Taylor,Fletcher,Winter,M,Nordic Combined,"Normal Hill/10K, Team Large Hill/4X5K","2010, 2014","6'0""",155,5/11/90,Steamboat Springs,40.4777,-106.8243,Colo.,CO
Jasper,Good,Winter,M,Nordic Combined,"Large Hill/10K, Normal Hill/10K",,"6'2""",163,5/10/96,Steamboat Springs,40.4777,-106.8243,Colo.,CO
Ben,Loomis,Winter,M,Nordic Combined,"Large Hill/10K, Normal Hill/10K, Team Large Hill/4X5K",,"6'1""",160,6/9/98,Eau Claire,44.8199,-91.4949,Wis.,WI
Katie,Uhlaender,Winter,F,Skeleton,Women's Individual,"2006, 2010, 2014","5'4""",147,7/17/84,Breckenridge,39.4995,-106.0433,Colo.,CO
Kendall,Wesenberg,Winter,F,Skeleton,Women's Individual,,"5'8""",152,8/23/90,Modesto,37.6374,-121.0028,Calif.,CA
Matt,Antoine,Winter,M,Skeleton,Men's Individual,2014,"6'3""",185,4/2/85,Prairie du Chien,43.0429,-91.1373,Wis.,WI
John,Daly,Winter,M,Skeleton,Men's Individual,"2010, 2014","5'9""",175,6/10/85,Smithtown,#N/A,#N/A,N.Y.,NY
Nita,Englund,Winter,F,Ski Jumping,Normal Hill,,"5'7""",115,6/10/92,Florence,34.1781,-79.7877,Wis.,WI
Sarah,Hendrickson,Winter,F,Ski Jumping,Normal Hill,2014,"5'4""",103,8/1/94,Park City,40.6505,-111.502,Utah,UT
Abby,Ringquist,Winter,F,Ski Jumping,Normal Hill,,"5'8""",132,6/21/89,Park City,40.6505,-111.502,Utah,UT
Kevin,Bickner,Winter,M,Ski Jumping,"Normal Hill, Large Hill, Team Event",,"6'0""",138,9/23/96,Wauconda,42.2748,-88.1359,Ill.,IL
Michael,Glasder,Winter,M,Ski Jumping,"Normal Hill, Large Hill, Team Event",,"6'0""",150,3/27/89,Cary,35.782,-78.8191,Ill.,IL
Casey,Larson,Winter,M,Ski Jumping,"Normal Hill, Large Hill, Team Event",,"5'10""",142,12/16/98,Barrington,42.1515,-88.1281,Ill.,IL
Will,Rhoads,Winter,M,Ski Jumping,"Normal Hill, Large Hill, Team Event",,"6'2""",153,6/8/95,Park City,40.6505,-111.502,Utah,UT
Jamie,Anderson,Winter,F,Snowboarding,"Slopestyle, Big Air",2014,"5'2""",133,9/13/90,South Lake Tahoe,38.9393,-119.9828,Calif.,CA
Kelly,Clark,Winter,F,Snowboarding,Halfpipe,"2002, 2006, 2010, 2014","5'4""",135,7/26/83,Mammoth Lakes,37.6273,-118.99,Calif.,CA
Arielle,Gold,Winter,F,Snowboarding,Halfpipe,2014,"5'4""",145,5/4/96,Steamboat Springs,40.4777,-106.8243,Colo.,CO
Faye,Gulini,Winter,F,Snowboarding,Snowboardcross,"2010, 2014","5'4""",123,3/24/92,Salt Lake City,#N/A,#N/A,Utah,UT
Lindsey,Jacobellis,Winter,F,Snowboarding,Snowboardcross,"2006, 2010, 2014","5'7""",138,8/19/85,Roxbury,38.5511,-97.4274,Conn.,CT
Jessika,Jenson,Winter,F,Snowboarding,"Slopestyle, Big Air",2014,"5'5""",127,8/7/81,Rigby,43.6735,-111.9126,Idaho,ID
Chloe,Kim,Winter,F,Snowboarding,Halfpipe,,"5'3""",115,4/23/00,Torrance,33.8346,-118.3417,Calif.,CA
Hailey,Langland,Winter,F,Snowboarding,"Slopestyle, Big Air",,"5'2""",110,8/2/00,San Clemente,33.4498,-117.6103,Calif.,CA
Rosie,Mancari,Winter,F,Snowboarding,Snowboardcross,,"5'8""",170,1/22/94,Anchorage,61.1508,-149.1091,Alaska,AK
Julia,Marino,Winter,F,Snowboarding,"Slopestyle, Big Air",,"5'5""",125,9/11/97,Westport,35.5103,-80.9783,Conn.,CT
Maddie,Mastro,Winter,F,Snowboarding,Halfpipe,,"5'4""",110,2/22/00,Wrightwood,34.3495,-117.6299,Calif.,CA
Meghan,Tierney,Winter,F,Snowboarding,Snowboardcross,,"5'9""",130,1/15/97,Eagle,43.7223,-116.3862,Colo.,CO
Nick,Baumgartner,Winter,M,Snowboarding,Snowboardcross,"2010, 2014","6'0""",210,12/17/81,Iron River,46.0966,-88.6396,Mich.,MI
Jonathan,Cheever,Winter,M,Snowboarding,Snowboardcross,,"5'10""",190,4/17/85,Saugus,#N/A,#N/A,Mass.,MA
Chris,Corning,Winter,M,Snowboarding,"Slopestyle, Big Air",,"5'8""",165,9/7/99,Silverthorne,39.656,-106.0867,Colo.,CO
Mick,Dierdorff,Winter,M,Snowboarding,Snowboardcross,,"5'9""",185,4/30/91,Steamboat Springs,40.4777,-106.8243,Colo.,CO
Ben,Ferguson,Winter,M,Snowboarding,Halfpipe,,"5'9""",165,1/21/95,Bend,44.0562,-121.3087,Ore.,OR
Red,Gerard,Winter,M,Snowboarding,"Slopestyle, Big Air",,"5'5""",116,6/29/00,Silverthorne,39.656,-106.0867,Colo.,CO
Chase,Josey,Winter,M,Snowboarding,Halfpipe,,"5'11""",155,3/31/95,Hailey,43.5141,-114.3,Idaho,ID
Hagen,Kearney,Winter,M,Snowboarding,Snowboardcross,,"6'2""",175,11/6/91,Norwood,39.1605,-84.4535,Colo.,CO
Kyle,Mack,Winter,M,Snowboarding,"Slopestyle, Big Air",,"5'11""",170,7/6/97,Bloomfield Hills,42.578,-83.2456,Mich.,MI
AJ,Muss,Winter,M,Snowboarding,Parallel Giant Slalom,,"6'1""",220,12/15/94,Rumson,40.3626,-74.0046,N.J.,NJ
Jake,Pates,Winter,M,Snowboarding,Halfpipe,,"5'7""",150,7/30/98,Eagle,43.7223,-116.3862,Colo.,CO
Ryan,Stassel,Winter,M,Snowboarding,"Slopestyle, Big Air",2014,"5'11""",170,10/23/92,Anchorage,61.1508,-149.1091,Alaska,AK
Mike,Trapp,Winter,M,Snowboarding,Parallel Giant Slalom,,"5'8""",145,7/10/88,Marstons Mills,#N/A,#N/A,Mass.,MA
Shaun,White,Winter,M,Snowboarding,Halfpipe,"2006, 2010, 2014","5'9""",154,9/3/86,Carlsbad,33.1247,-117.2837,Calif.,CA
Heather,Bergsma,Winter,F,Long Track Speedskating,"500, 1,000, 1,500, Mass Start, Team Pursuit","2010, 2014","5'11""",160,3/20/89,High Point,35.9907,-79.9938,N.C.,NC
Brittany,Bowe,Winter,F,Long Track Speedskating,"500, 1,000, 1,500, Team Pursuit",2014,"5'7""",140,2/24/88,Ocala,29.178,-82.1511,Fla.,FL
Erin,Jackson,Winter,F,Long Track Speedskating,500,,"5'4""",,9/19/92,Ocala,29.178,-82.1511,Fla.,FL
Mia,Manganello,Winter,F,Long Track Speedskating,"1,500, Mass Start, Team Pursuit",,"5'7""",140,10/27/89,Crestview,30.748,-86.5784,Fla.,FL
Carlijn,Schoutens,Winter,F,Long Track Speedskating,"3,000, 5,000, Team Pursuit",,"5'9""",153,12/12/94,West Jordan,40.6024,-112.0008,Utah,UT
Jerica,Tandiman,Winter,F,Long Track Speedskating,"1,000",,"5'3""",138,11/2/94,Kearns,40.652,-112.0093,Utah,UT
Shani,Davis,Winter,M,Long Track Speedskating,"1,000, 1,500","2002, 2006, 2010, 2014","6'2""",185,8/13/82,Chicago,41.8373,-87.6862,Ill.,IL
Jonathan,Garcia,Winter,M,Long Track Speedskating,"500, Team Pursuit",2014,"5'7""",150,12/14/86,Houston,29.7863,-95.3889,Texas,TX
Kimani,Griffin,Winter,M,Long Track Speedskating,500,,"6'1""",178,7/2/90,Winston-Salem,36.1029,-80.2611,N.C.,NC
Brian,Hansen,Winter,M,Long Track Speedskating,"1,500, Mass Start, Team Pursuit","2010, 2014","6'0""",180,9/3/90,Glenview,42.0825,-87.8216,Ill.,IL
Emery,Lehman,Winter,M,Long Track Speedskating,"5,000, Team Pursuit",2014,"6'0""",183,6/13/96,Oak Park,41.8872,-87.7899,Ill.,IL
Joey,Mantia,Winter,M,Long Track Speedskating,"1,000, 1,500, Mass Start, Team Pursuit",2014,"5'8""",170,2/7/86,Ocala,29.178,-82.1511,Fla.,FL
Mitch,Whitmore,Winter,M,Long Track Speedskating,"500, 1,000","2010, 2014","5'10""",170,12/18/89,Waukesha,43.0087,-88.2464,Wis.,WI
Maame,Biney,Winter,F,Short Track Speedskating,"500, 1,500",,"5'6""",150,1/28/00,Reston,38.9497,-77.3461,Va.,VA
Lana,Gehring,Winter,F,Short Track Speedskating,"500, 1,000, 1,500",2010,"5'9""",135,8/21/90,Glenview,42.0825,-87.8216,Ill.,IL
Jessica,Kooreman,Winter,F,Short Track Speedskating,"1,000, 1,500",2014,"5'0""",118,10/14/83,Melvindale,42.2802,-83.1782,Mich.,MI
J.R.,Celski,Winter,M,Short Track Speedskating,"1,000, 1,500, 5,000 Relay","2010, 2014","5'8""",143,7/17/90,Federal Way,47.3091,-122.3358,Wash.,WA
Thomas,Hong,Winter,M,Short Track Speedskating,"500, 5,000 Relay",,"5'8""",140,7/2/97,Laurel,31.6956,-89.1448,Md.,MD
John-Henry,Krueger,Winter,M,Short Track Speedskating,"500, 1,000, 1,500, 5,000 Relay",,"5'10""",165,3/27/95,Pittsburgh,40.4396,-79.9762,Pa.,PA
Ryan,Pivirotto,Winter,M,Short Track Speedskating,"5,000 Relay",,"5'5""",137,5/14/95,Ann Arbor,42.2755,-83.7312,Mich.,MI
Aaron,Tran,Winter,M,Short Track Speedskating,"500, 1,500, 5,000 Relay",,"5'7""",160,7/24/96,Federal Way,47.3091,-122.3358,Wash.,WA
Brady,Ellison,Summer,M,Archery,"Individual, Team","2008, 2012-S","5'11""",190,10/27/88,Globe,33.3869,-110.7515,Ariz.,AZ
Zach,Garrett,Summer,M,Archery,"Individual, Team",none,"5'10""",140,4/8/95,Wellington,26.6461,-80.2699,Mo. ,MO
Jake,Kaminski,Summer,M,Archery,"Individual, Team",2012-S,"5'10""",155,8/11/88,Gainesville,29.6804,-82.3458,Fla. ,FL
Mackenzie,Brown,Summer,F,Archery,Individual,none,"5'10""",165,3/14/95,Flint,43.0235,-83.6922,Texas,TX
Phillip,Chew,Summer,M,Badminton,Doubles ,none,"5'8""",200,5/16/94,Orange,33.8038,-117.8218,Calif.,CA
Sattawat ,Pongnairat,Summer,M,Badminton,Doubles,none,"5'11""",155,5/8/90,Orange,33.8038,-117.8218,Calif. ,CA
Howard ,Shu,Summer,M,Badminton,Singles,none,"6'1""",165,11/28/90,Los Angeles,34.1139,-118.4068,Calif. ,CA
Eva,Lee,Summer,F,Badminton,Doubles,2008,"5'6""",130,8/7/86,Diamond Bar,33.9991,-117.8161,Calif.,CA
Paula Lynn,Obanana,Summer,F,Badminton,Doubles,none,"5'3""",128,3/19/85,Minneapolis ,44.9635,-93.2678,Minn.,MN
Jamie,Subandhi,Summer,F,Badminton,Mixed Doubles,none,"5'4""",128,12/15/89,Westminster,39.8837,-105.0624,Calif.,CA
Iris,Wang,Summer,F,Badminton,Singles,none,"5'3""",115,9/2/94,Arcadia,34.1342,-118.0373,Calif.,CA
Carmelo,Anthony,Summer,M,Basketball,Forward,"2004-B, 2008-G, 2012-G","6'8""",230,5/29/84,New York,40.6943,-73.9249,N.Y.,NY
Harrison,Barnes,Summer,M,Basketball,Forward,none,"6'8""",225,5/30/92,Ames,42.0259,-93.6215,Iowa,IA
Jimmy,Butler,Summer,M,Basketball,Guard,none,"6'7""",220,9/14/89,Houston,29.7863,-95.3889,Texas,TX
DeMarcus,Cousins,Summer,M,Basketball,Center,none,"6'11""",270,8/13/90,Mobile,30.6783,-88.1162,Ala. ,AL
DeMar,DeRozan,Summer,M,Basketball,Guard,none,"6'7""",220,8/7/89,Compton,33.893,-118.2275,Calif.,CA
Kevin,Durant,Summer,M,Basketball,Guard,2012-G,"6'9""",230,9/29/88,"Washington, D.C. ",#N/A,#N/A,-,#N/A
Paul,George,Summer,M,Basketball,Guard,none,"6'9""",220,5/2/90,Palmdale,34.5944,-118.1057,Calif.,CA
Draymond,Green,Summer,M,Basketball,Forward,none,"6'7""",230,3/4/90,Saginaw,43.4199,-83.9501,Mich.,MI
Kyrie,Irving,Summer,M,Basketball,Guard,none,"6'3""",193,3/23/92,West Orange,30.0791,-93.7598,N.J.,NJ
DeAndre,Jordan,Summer,M,Basketball,Center,none,"6'11""",265,7/21/88,Houston,29.7863,-95.3889,Texas,TX
Kyle,Lowry,Summer,M,Basketball,Guard,none,"6'0""",250,3/25/86,Philadelphia,40.0077,-75.1339,Pa.,PA
Klay,Thompson,Summer,M,Basketball,Guard,none,"6'7""",215,2/8/90,Los Angeles,34.1139,-118.4068,Calif. ,CA
Seimone,Augustus,Summer,F,Basketball,Guard/Forward,2008-G; 2012-G,"6'1""",165,4/30/84,Baton Rouge,30.4418,-91.131,La. ,LA
Sue,Bird,Summer,F,Basketball,Guard,2004-G; 2008-G; 2012-G,"5'9""",147,10/16/80,Syosset,40.8156,-73.502,N.Y.,NY
Tamika,Catchings,Summer,F,Basketball,Forward,2004-G; 2008-G; 2012-G,"6'2""",170,7/21/79,Indianapolis,39.7771,-86.1458,Ind.,IN
Tina,Charles,Summer,F,Basketball,Center,2012-G,"6'3""",195,12/5/88,Queens,40.7498,-73.7976,N.Y. ,NY
Elena,Delle Donne,Summer,F,Basketball,Guard/Forward,none,"6'5""",190,9/5/89,Wilmington,34.21,-77.8866,Del.,DE
Sylvia,Fowles,Summer,F,Basketball,Center,2008-G; 2012-G,"6'6""",200,10/6/85,Miami,25.7839,-80.2102,Fla. ,FL
Brittney,Griner,Summer,F,Basketball,Center,none,"6'8""",208,10/18/90,Houston,29.7863,-95.3889,Texas,TX
Angel,McCoughtry,Summer,F,Basketball,Guard/Forward,2012-G,"6'1""",155,9/10/86,Baltimore,39.3051,-76.6144,Md.,MD
Maya,Moore,Summer,F,Basketball,Forward,2012-G,"6'0""",175,9/10/86,Atlanta,33.1136,-94.1672,Ga. ,GA
Breanna,Stewart,Summer,F,Basketball,Forward/Center,none,"6'4""",175,8/27/94,North Syracuse,43.1339,-76.1306,N.Y. ,NY
Diana,Taurasi,Summer,F,Basketball,Guard,2004-G; 2008-G; 2012-G,"6'0""",155,6/11/82,Chino,33.9836,-117.6654,Calif.,CA
Lindsay,Whalen,Summer,F,Basketball,Guard,2012-G,"5'9""",160,5/9/82,Hutchinson,38.0671,-97.9081,Minn.,MN
Carlos,Balderas,Summer,M,Boxing,Lightweight - 60 kg.,None,"5'9""",132,8/24/96,Santa Maria,34.9334,-120.4432,Calif.,CA
Charles,Conwell,Summer,M,Boxing,Middleweight - 75 kg.,None,"5'9""",165,11/2/97,Cleveland,41.4767,-81.6804,Ohio,OH
Nico,Hernandez,Summer,M,Boxing,Light Flyweight - 49 kg.,None,"5'5""",108,1/4/96,Wichita,37.6896,-97.3442,Kan.,KS
Gary,Russell,Summer,M,Boxing,Light Welterweight - 64 kg. ,None,"5'8""",141,6/14/96,"Washington, D.C. ",#N/A,#N/A,-,#N/A
Shakur,Stevenson,Summer,M,Boxing,Bantamweight - 56 kg.,None,"5'8""",123,6/28/97,Newark,40.7245,-74.1725,N.J.,NJ
Antonio,Vargas,Summer,M,Boxing,Flyweight - 52 kg.,none,"5'6""",114,8/15/96,Kissimmee,28.3042,-81.4164,Fla. ,FL
Mikaela,Mayer,Summer,F,Boxing,Lightweight - 60 kg.,none,"5'9""",132,7/4/90,Los Angeles,34.1139,-118.4068,Calif.,CA
Claressa,Shields,Summer,F,Boxing,Middleweight - 75 kg.,2012-G,"5'9""",165,3/17/95,Flint,43.0235,-83.6922,Mich.,MI
Casey,Eichfeld,Summer,M,Canoe (Slalom),C1/C2,2008; 2012,"5'10""",170,11/15/89,Drums,#N/A,#N/A,Pa.,PA
Devin,McEwan,Summer,M,Canoe (Slalom),C2,none,"5'10""",170,10/11/84,Salisbury,38.3756,-75.5867,Conn.,CT
Michal,Smolen,Summer,M,Canoe (Slalom),K1,none,"5'11""",155,9/13/93,Charlotte,35.208,-80.8304,N.C.,NC
Maggie,Hogan,Summer,F,Canoe (Sprint),K1,none,"5'7""",135,1/1/79,Huntington Beach,33.696,-118.0025,Calif. ,CA
Ashley,Nee,Summer,F,Canoe (Slalom),K1,none,"5'4""",120,6/15/89,Darnestown,39.096,-77.3033,Md.,MD
Connor,Fields ,Summer,M,Cycling ,BMX - Men's,2012-7th,"6'0""",195,9/14/92,Las Vegas,36.2333,-115.2654,Nev.,NV
Nic ,Long,Summer,M,Cycling ,BMX - Men's,2012-17th,"6'2""",190,10/6/89,Lakeside,30.1356,-81.7674,Calif.,CA
Corben,Sharrah,Summer,M,Cycling ,BMX - Men's,none,"6'0""",188,4/20/92,Tucson,32.1545,-110.8782,Ariz.,AZ
Brooke,Crain,Summer,F,Cycling ,BMX - Women's,2012-8th,"5'4""",123,4/29/93,Visalia,36.3276,-119.3269,Calif.,CA
Alise ,Post,Summer,F,Cycling ,BMX - Women's,2012-12th,"5'2""",125,1/17/91,St. Cloud,45.5339,-94.1718,Minn.,MN
Howard ,Grotts,Summer,M,Cycling ,Mountain - Men's,none,"5'7""",130,1/12/93,Durango,37.2659,-107.8782,Colo.,CO
Lea ,Davison,Summer,F,Cycling ,Mountain - Women's,2012-11th,"5'6""",122,5/19/83,Jericho,40.7875,-73.5416,Vt. ,VT
Chloe ,Woodruff,Summer,F,Cycling ,Mountain - Women's,none,"5'2""",113,7/21/87,Boulder ,40.0249,-105.2523,Colo. ,CO
Matt,Baranoski,Summer,M,Cycling ,Keirin,none,"6'0""",212,7/27/93,Perkasie,40.3719,-75.292,Pa.,PA
Bobby,Lea,Summer,M,Cycling ,Omnium,2008-16th; 2012-12th,"6'2""",170,10/17/83,Topton,40.5032,-75.7024,Pa.,PA
Kelly,Catlin,Summer,F,Cycling ,Team Pursuit,none,"5'6""",140,11/3/95,Arden Hills,45.0721,-93.167,Minn.,MN
Chloé ,Dygert,Summer,F,Cycling ,Team Pursuit,none,"5'9""",147,1/1/97,Brownsburg,39.833,-86.3824,Ind.,IN
Sarah ,Hammer,Summer,F,Cycling ,"Omnium, Team Pursuit",2008-5th; 2012-S (2x),"5'7""",145,8/18/83,Temecula,33.4928,-117.1315,Calif.,CA
Jennifer,Valente,Summer,F,Cycling ,Team Pursuit,none,"5'9""",165,12/24/94,San Diego,27.7609,-98.2389,Calif.,CA
Ruth,Winder,Summer,F,Cycling ,Team Pursuit,none,"5'4""",127,7/9/93,Lafayette,30.2084,-92.0323,Calif. ,CA
Brent,Bookwalter,Summer,M,Cycling ,"Road Race, Time Trial",none,"5'11""",150,2/16/84,Grand Rapids,42.962,-85.6562,Mich.,MI
Taylor,Phinney,Summer,M,Cycling ,"Road Race, Time Trial","2008-2-4th, 7th; 2012-4th","6'5""",180,6/27/90,Boulder ,40.0249,-105.2523,Colo.,CO
Mara,Abbott,Summer,F,Cycling ,Road Race,none,"5'4""",115,11/14/85,Boulder ,40.0249,-105.2523,Colo.,CO
Kristin ,Armstrong,Summer,F,Cycling ,"Road Race, Time Trial",2004; 2008-G; 2012-G,"5'8""",128,8/11/73,Boise,43.6007,-116.2312,Idaho,ID
Megan ,Guarnier,Summer,F,Cycling ,Road Race,none,"5'4""",120,5/4/85,Glens Falls,43.3109,-73.6459,N.Y.,NY
Evelyn ,Stevens,Summer,F,Cycling ,"Road Race, Time Trial",2012-24th,"5'5""",123,5/9/83,San Francisco,37.7562,-122.443,Calif. ,CA
David,Boudia,Summer,M,Diving,"10m Synchro, 10m Individual","2008-5th, 6th; 2012-G,B","5'9""",160,4/24/89,West Lafayette,40.4432,-86.9239,Ind. ,IN
Sam,Dorman,Summer,M,Diving,3m Synchro,none,"5'9""",170,8/30/91,Tempe,33.3881,-111.9318,Ariz.,AZ
Michael,Hixon,Summer,M,Diving,"3m Synchro, 3m Individual",none,"5'8""",150,7/16/94,Amherst,42.3645,-72.5069,Mass.,MA
Kristian,Ipsen,Summer,M,Diving,3m Individual,2012-B,"5'7""",160,10/20/92,Clayton,35.6591,-78.4499,Calif.,CA
Steele,Johnson,Summer,M,Diving,"10m Synchro, 10m Individual",none,"6'2""",175,6/16/96,Carmel,39.965,-86.146,Ind.,IN
Kassidy,Cook,Summer,F,Diving,3m Individual,none,"5'4""",125,5/9/95,The Woodlands,30.1738,-95.5134,Texas,TX
Amy,Cozad,Summer,F,Diving,10m Synchro,none,"5'3""",113,5/6/91,Indianapolis,39.7771,-86.1458,Ind.,IN
Abby,Johnston,Summer,F,Diving,3m Individual,2012-S,"5'5""",135,11/16/89,Upper Arlington,40.0272,-83.0704,Ohio,OH
Jessica,Parratto,Summer,F,Diving,"10m Synchro, 10m Individual",none,"5'2""",112,6/26/94,Dover,39.161,-75.5203,N.H.,NH
Katrina,Young,Summer,F,Diving,10m Individual,none,"5'4""",132,1/10/92,Seattle,47.6211,-122.3244,Wash.,WA
Steffen,Peters,Summer,M,Equestrian ,Dressage,1996-B; 2008-4th; 2012-6th,"5'8""",150,9/18/64,San Diego,27.7609,-98.2389,Calif.,CA
Allison ,Brock,Summer,F,Equestrian ,Dressage,none,"5'6""",130,12/7/79,Wellington,26.6461,-80.2699,Fla. ,FL
Laura,Graves,Summer,F,Equestrian ,Dressage,none,"5'8""",120,7/22/87,Orlando,28.4772,-81.3369,Fla. ,FL
Kasey,Perry-Glass,Summer,F,Equestrian ,Dressage,none,"5'4""",130,10/12/87,Orangevale,38.6881,-121.2209,Calif.,CA
Phillip ,Dutton ,Summer,M,Equestrian ,Eventing,"1996-G; 2000-G; 2004-6th,13th; 2008-7th; 2012-7th, 23rd","5'6""",150,9/13/63,West Grove,39.8206,-75.8284,Pa.,PA
Boyd ,Martin ,Summer,M,Equestrian ,Eventing,2012-7th,"6'2""",175,8/20/79,Cochranville,39.8905,-75.9241,Pa.,PA
Clark  ,Montgomery,Summer,M,Equestrian ,Eventing,none,"6'0""",155,5/20/81,Mineral Wells,32.8169,-98.0776,Texas,TX
Lauren ,Kieffer ,Summer,F,Equestrian ,Eventing,none,"5'10""",150,6/6/87,Middleburg,30.0502,-81.9011,Va.,VA
Kent,Farrington,Summer,M,Equestrian ,Jumping,none,"5'8""",145,12/28/80,Wellington,26.6461,-80.2699,Fla. ,FL
McLain,Ward,Summer,M,Equestrian ,Jumping,"2004-G; 2008-G, 6th; 2012-6th, 29th","5'9""",155,10/17/75,Brewster,48.1015,-119.776,N.Y.,NY
Lucy,Davis,Summer,F,Equestrian ,Jumping,none,"5'5""",122,10/22/92,Los Angeles,34.1139,-118.4068,Calif.,CA
Beezie,Madden,Summer,F,Equestrian ,Jumping,"2004-G; 2008-G, B; 2012- ","5'6""",140,11/20/63,Cazenovia,43.5237,-90.1991,N.Y.,NY
Jason,Pryor,Summer,M,Fencing,Epee,none,"5'9""",175,9/26/87,South Euclid,41.5239,-81.5245,Ohio,OH
Katharine,Holmes,Summer,F,Fencing,Epee,none,"5'11""",175,7/15/93,"Washington, D.C. ",#N/A,#N/A,-,#N/A
Courtney,Hurley,Summer,F,Fencing,Epee,2012-B,"5'8""",175,9/30/90,San Antonio,29.4658,-98.5253,Texas,TX
Kelley,Hurley,Summer,F,Fencing,Epee,2008; 2012-B,"5'9""",165,4/4/88,San Antonio,29.4658,-98.5253,Texas,TX
Kasia,Trzopek,Summer,F,Fencing,Epee,None,"5'9""",164,5/6/81,Pacifica,37.6112,-122.4781,Calif. ,CA
Race,Imboden,Summer,M,Fencing,Foil,2012,"6'1""",165,4/17/93,Brooklyn,40.6501,-73.9496,N.Y. ,NY
Alexander,Massialas,Summer,M,Fencing,Foil,2012,"6'2""",180,4/20/94,San Francisco,37.7562,-122.443,Calif.,CA
Gerek,Meinhardt,Summer,M,Fencing,Foil,2008; 2012,"6'0""",175,7/27/90,San Francisco,37.7562,-122.443,Calif.,CA
Miles,Chamley-Watson,Summer,M,Fencing,Foil,2012,"6'4""",175,12/3/89,New York,40.6943,-73.9249,N.Y.,NY
Lee,Kiefer,Summer,F,Fencing,Foil,2012,"5'4""",107,6/15/94,Lexington,38.0423,-84.4587,Ky.,KY
Nzingha,Prescod,Summer,F,Fencing,Foil,2012,"5'4""",138,8/14/92,Brooklyn,40.6501,-73.9496,N.Y.,NY
Eli,Dershwitz,Summer,M,Fencing,Saber,none,"6'1""",170,9/23/95,Sherborn,#N/A,#N/A,Mass.,MA
Daryl,Homer,Summer,M,Fencing,Saber,2012,"5'8""",165,7/16/90,Bronx,40.8501,-73.8662,N.Y.,NY
Monica,Aksamit,Summer,F,Fencing,Saber,None,"6'0""",165,2/18/90,Matawan,40.4127,-74.2365,N.J.,NJ
Ibtihaj,Muhammad,Summer,F,Fencing,Saber,None,"5'7""",150,12/4/85,Maplewood,44.9842,-93.0247,N.J.,NJ
Dagmara,Wozniak,Summer,F,Fencing,Saber,2012,"5'8""",180,7/1/88,Avenel,40.5839,-74.272,N.J.,NJ
Mariel,Zagunis,Summer,F,Fencing,Saber,"2004-G; 2008-G, B; 2012","5'8""",160,3/3/85,Portland,45.5372,-122.65,Ore.,OR
Katie,Bam,Summer,F,Field Hockey,Striker,2012,"5'1""",120,12/6/88,Blue Bell,40.1474,-75.2687,Pa.,PA
Lauren,Crandall,Summer,F,Field Hockey,Defender,2008; 2012,"5'3""",127,3/17/85,Doylestown,40.97,-81.6954,Pa.,PA
Rachel,Dawson,Summer,F,Field Hockey,Midfielder,2008; 2012,"5'10""",150,8/2/85,Berlin,44.4869,-71.2599,N.J.,NJ
Katelyn,Falgowski,Summer,F,Field Hockey,Midfielder,2008; 2012,"5'6""",138,10/23/88,Landenberg,#N/A,#N/A,Pa.,PA
Stefanie,Fee,Summer,F,Field Hockey,Defender,none,"5'6""",140,3/11/90,Virginia Beach,36.7335,-76.0435,Va.,VA
Melissa,Gonzalez,Summer,F,Field Hockey,Midfielder,2012,"5'3""",128,1/24/89,Mohegan Lake,#N/A,#N/A,N.Y.,NY
Michelle,Kasold,Summer,F,Field Hockey,Striker,2012,"5'3""",118,5/26/87,Chapel Hill,35.927,-79.0391,N.C.,NC
Jackie,Briggs,Summer,F,Field Hockey,Goalkeeper,none,"5'6""",135,5/23/88,Robesonia,40.3495,-76.1391,Pa.,PA
Kelsey,Kolojejchick,Summer,F,Field Hockey,Striker,none,"5'3""",135,10/2/91,Larksville,41.2639,-75.9326,Pa.,PA
Alyssa,Manley,Summer,F,Field Hockey,Defender,none,"5'2""",118,5/27/94,Lititz,40.154,-76.3044,Pa.,PA
Julia,Reinprecht,Summer,F,Field Hockey,Defender,2012,"5'3""",123,7/12/91,Perkasie,40.3719,-75.292,Penn.,PA
Katie,Reinprecht,Summer,F,Field Hockey,Midfielder,2012,"5'4""",125,11/1/89,Perkasie,40.3719,-75.292,Pa.,PA
Kathleen,Sharkey,Summer,F,Field Hockey,Striker,none,"5'4""",128,4/30/90,Moosic,41.3584,-75.7027,Pa.,PA
Caitlin,Van Sickle,Summer,F,Field Hockey,Defender,none,"5'5""",130,1/26/90,Wilmington,34.21,-77.8866,Del.,DE
Michelle,Vittese,Summer,F,Field Hockey,Midfielder,2012,"5'3""",126,12/6/89,Cherry Hill,38.5696,-77.2895,N.J.,NJ
Jill,Witmer,Summer,F,Field Hockey,Striker,none,5'2',116,10/1/91,Lancaster,40.0421,-76.3012,Pa.,PA
Rickie,Fowler,Summer,M,Golf,,none,"5'9""",150,12/13/88,Murrieta,33.572,-117.1909,Calif.,CA
Matt,Kuchar,Summer,M,Golf,,none,"6'4""",190,6/21/78,Sea Island,#N/A,#N/A,Ga. ,GA
Patrick,Reed,Summer,M,Golf,,none,"6'0""",200,8/5/90,Houston,29.7863,-95.3889,Texas,TX
Bubba,Watson,Summer,M,Golf,,none,"6'3""",180,11/5/78,Bagdad,30.5824,-87.0447,Fla. ,FL
Stacy,Lewis,Summer,F,Golf,,none,"5'5""",133,2/16/85,The Woodlands,30.1738,-95.5134,Texas,TX
Gerina,Piller,Summer,F,Golf,,none,"5'7""",142,3/29/85,Roswell,34.0391,-84.3513,N.M.,NM
Lexi,Thompson,Summer,F,Golf,,none,"5'11""",160,2/10/95,Coral Springs,26.2702,-80.2591,Fla. ,FL
Chris,Brooks,Summer,M,Gymnastics,Artistic – Team ,none,"5'8""",165,12/19/86,Houston,29.7863,-95.3889,Texas,TX
Jake,Dalton,Summer,M,Gymnastics,Artistic – Team ,2012-5th,"5'5""",150,7/22/91,Sparks,39.5729,-119.7157,Nev.,NV
Sam,Mikulak,Summer,M,Gymnastics,Artistic – Team ,2012,"5'5""",140,10/13/92,Newport Beach,33.6151,-117.8669,Calif.,CA
Alex,Naddour,Summer,M,Gymnastics,Artistic – Team ,none,"5'7""",155,3/4/91,Gilbert,33.3101,-111.7463,Ariz.,AZ
Danell,Leyva,Summer,M,Gymnastics,Artistic – Team ,"2012-B, 5th","5'7""",150,10/30/91,Homestead,25.4665,-80.4472,Fla. ,FL
Simone,Biles,Summer,F,Gymnastics,Artistic – Team ,none,"4'8""",115,3/14/97,Spring,30.0613,-95.383,Texas,TX
Gabby,Douglas,Summer,F,Gymnastics,Artistic – Team ,"2012-2G, 7th, 8th","5'2""",110,12/31/95,Los Angeles,34.1139,-118.4068,Calif.,CA
Laurie,Hernandez,Summer,F,Gymnastics,Artistic – Team ,none,"5'0""",107,6/9/00,Old Bridge,#N/A,#N/A,N.J.,NJ
Madison,Kocian,Summer,F,Gymnastics,Artistic – Team ,none,"5'2""",102,6/15/97,Dallas,32.7936,-96.7662,Texas,TX
Aly,Raisman,Summer,F,Gymnastics,Artistic – Team ,"2012-2G, 1B","5'2""",115,5/25/94,Needham,31.987,-88.3366,Mass.,MA
Natalie,McGiffert,Summer,F,Gymnastics,Rhythmic group,none,"5'3""",97,3/14/97,Topanga,34.0964,-118.6053,Calif.,CA
Kiana,Eide,Summer,F,Gymnastics,Rhythmic group,none,5'3,118,9/25/98,St. Francis,42.9716,-87.8729,Minn.,MN
Alisa,Kano,Summer,F,Gymnastics,Rhythmic group,none,"5'4""",105,11/7/94,New York,40.6943,-73.9249,N.Y.,NY
Monica,Rokhman,Summer,F,Gymnastics,Rhythmic group,none,"5'8""",123,5/27/97,Northbrook,42.1292,-87.8353,Ill.,IL
Kristen,Shaldybin,Summer,F,Gymnastics,Rhythmic group,none,"5'9""",125,8/8/97,Brooklyn,40.6501,-73.9496,N.Y.,NY
Laura,Zeng,Summer,F,Gymnastics,Rhythmic individual ,none,"5'3""",95,10/14/99,Libertyville,42.287,-87.967,Ill.,IL
Logan,Dooley,Summer,M,Gymnastics,Trampoline ,none,"5'9""",130,9/26/87,Lake Forest,33.6606,-117.6712,Calif.,CA
Nicole,Ahsinger,Summer,F,Gymnastics,Trampoline ,none,"5'4""",128,5/12/98,San Diego,27.7609,-98.2389,Calif.,CA
Colton,Brown,Summer,M,Judo,90 kg.,none,"6'0""",200,10/8/91,Piscataway,#N/A,#N/A,N.J.,NJ
Nick,Delpopolo,Summer,M,Judo,73 kg.,2012,"5'8""",170,2/8/89,Davie,26.0789,-80.287,Fla. ,FL
Travis,Stevens,Summer,M,Judo,81 kg.,2008; 2012,"5'11""",178,2/28/86,Tacoma,47.2431,-122.4531,Wash.,WA
Angelica,Delgado,Summer,F,Judo,52 kg.,none,"5'3""",115,12/14/90,Miami,25.7839,-80.2102,Fla. ,FL
Kayla,Harrison,Summer,F,Judo,78 kg.,2012-G,"5'8""",165,7/2/90,Middletown,39.5032,-84.366,Ohio,OH
Marti,Malloy,Summer,F,Judo,57 kg.,2012-B,"5'3""",130,6/23/86,Oak Harbor,48.2965,-122.6333,Wash.,WA
Nathan,Schrimsher,Summer,M,Pentathlon,Men's,none,"6'2""",174,5/22/92,Roswell,34.0391,-84.3513,N.M.,NM
Isabella,Isaksen,Summer,F,Pentathlon,Women's,none,"5'8""",139,11/22/93,Fayetteville,36.0713,-94.166,Ark.,AR
Margaux,Isaksen,Summer,F,Pentathlon,Women's,2008; 2012,"5'10""",134,10/7/91,Fayetteville,36.0713,-94.166,Ark.,AR
Nareg,Guregian,Summer,M,Rowing ,Men's Pair,none,"6'5""",215,1/20/89,North Hills,40.7765,-73.6778,Calif.,CA
Anders,Weiss,Summer,M,Rowing ,Men's Pair,none,"6'5""",205,11/5/92,Barrington,42.1515,-88.1281,R.I.,RI
Andrew,"Campbell, Jr.",Summer,M,Rowing ,Lightweight Men's Double Sculls,none,"5'10""",155,2/2/92,Cambridge,42.3759,-71.1185,Mass.,MA
Josh,Konieczny,Summer,M,Rowing ,Lightweight Men's Double Sculls,none,"5'11""",165,5/26/91,Millbury,41.5648,-83.4255,Ohio,OH
Anthony,Fahden,Summer,M,Rowing ,Lightweight Men's Four,2012,"5'11""",158,2/27/86,Lafayette,30.2084,-92.0323,Calif.,CA
Edward,King,Summer,M,Rowing ,Lightweight Men's Four,none,"6'4""",170,6/14/89,Ironton,38.5319,-82.6777,Mo.,MO
Tyler,Nase,Summer,M,Rowing ,Lightweight Men's Four,none,"6'0""",157,8/30/90,Phoenixville,40.1358,-75.5201,Pa.,PA
Robin,Prendes,Summer,M,Rowing ,Lightweight Men's Four,2012,"6'1""",160,12/13/88,Miami,25.7839,-80.2102,Fla. ,FL
Charlie,Cole,Summer,M,Rowing ,Men's Four,2012-B,"6'4""",200,6/21/86,New Canaan,#N/A,#N/A,Conn.,CT
Matt,Miller,Summer,M,Rowing ,Men's Four,none,"6'5""",217,1/13/89,Springfield,42.1155,-72.5395,Va.,VA
Henrik,Rummel,Summer,M,Rowing ,Men's Four,2012-B,"6'5""",215,9/26/87,Pittsford,#N/A,#N/A,N.Y.,NY
Seth,Weil,Summer,M,Rowing ,Men's Four,none,"6'6""",215,3/9/87,Menlo Park,37.4686,-122.1672,Calif.,CA
Michael,DiSanto,Summer,M,Rowing ,Men's Eight,none,"6'1""",200,12/10/89,Boston,42.3188,-71.0846,Mass.,MA
Sam,Dommer,Summer,M,Rowing ,Men's Eight,none,"6'2""",202,9/4/91,Folsom,38.6668,-121.1422,Calif.,CA
Austin,Hack,Summer,M,Rowing ,Men's Eight,none,"6'8""",220,5/17/92,Old Lyme,#N/A,#N/A,Conn.,CT
Alex,Karwoski,Summer,M,Rowing ,Men's Eight,none,"6'4""",200,9/16/90,Hollis,34.6895,-99.9153,N.H.,NH
Steve,Kasprzyk,Summer,M,Rowing ,Men's Eight,2012,"6'7""",229,2/14/82,Cinnaminson,#N/A,#N/A,N.J.,NJ
Rob,Munn,Summer,M,Rowing ,Men's Eight,none,"6'4""",215,7/26/90,Redmond,47.6762,-122.1169,Wash.,WA
Glenn,Ochal,Summer,M,Rowing ,Men's Eight,2012-B,"6'4""",210,3/1/86,Philadelphia,40.0077,-75.1339,Pa.,PA
Sam,Ojserkis,Summer,M,Rowing ,Men's Eight,none,"5'8""",122,3/24/90,Linwood,39.3436,-74.5708,N.J.,NJ
Hans,Struzyna,Summer,M,Rowing ,Men's Eight,none,"6'2""",200,3/31/89,Kirkland,47.6974,-122.2054,Wash.,WA
Grace,Luczak,Summer,F,Rowing ,Women's Pair,none,"6'3""",170,5/24/89,Ann Arbor,42.2755,-83.7312,Mich.,MI
Felice,Mueller,Summer,F,Rowing ,Women's Pair,none,"6'1""",160,10/15/89,Cleveland,41.4767,-81.6804,Ohio,OH
Gevvie,Stone,Summer,F,Rowing ,Women's Single Sculls,2012,"6'0""",157,7/11/85,Newton,42.3316,-71.2085,Mass.,MA
Kate,Bertko,Summer,F,Rowing ,Lightweight Women's Double Sculls,none,"5'9""",128,11/8/83,Oakland,37.7903,-122.2165,Calif.,CA
Devery,Karz,Summer,F,Rowing ,Lightweight Women's Double Sculls,none,"5'8""",130,2/18/88,Park City,40.6505,-111.502,Utah,UT
Meghan,O'Leary,Summer,F,Rowing ,Women's Double Sculls,none,"6'0""",162,8/24/84,Baton Rouge,30.4418,-91.131,La.,LA
Ellen,Tomek,Summer,F,Rowing ,Women's Double Sculls,2008,"5'10""",160,5/1/84,Flushing,43.0637,-83.8403,Mich.,MI
Tracy,Eisser,Summer,F,Rowing ,Women’s Quadruple Sculls,none,"6'1""",185,11/20/89,Fair Lawn,40.9359,-74.1177,N.J.,NJ
Megan,Kalmoe,Summer,F,Rowing ,Women’s Quadruple Sculls,2008; 2012-B,"5'10""",160,8/21/83,St. Croix Falls,45.41,-92.6268,Wis.,WI
Grace,Latz,Summer,F,Rowing ,Women’s Quadruple Sculls,none,"6'0""",175,2/21/88,Jackson,32.3163,-90.2124,Mich.,MI
Adrienne,Martelli,Summer,F,Rowing ,Women’s Quadruple Sculls,2012-B,"6'1""",170,12/3/87,University Place,47.2147,-122.5461,Wash.,WA
Amanda,Elmore,Summer,F,Rowing ,Women's Eight,none,"5'11""",175,3/13/91,West Lafayette,40.4432,-86.9239,Ind.,IN
Tessa,Gobbo,Summer,F,Rowing ,Women's Eight,none,"6'1""",180,12/8/90,Chesterfield,38.6588,-90.5804,N.H.,NH
Eleanor,Logan,Summer,F,Rowing ,Women's Eight,2008-G; 2012-G,"6'2""",190,12/27/87,Boothbay Harbor,#N/A,#N/A,Maine,ME
Meghan,Musnicki,Summer,F,Rowing ,Women's Eight,2012-G,"6'0""",163,2/5/83,Naples,26.1504,-81.7936,N.Y.,NY
Amanda,Polk,Summer,F,Rowing ,Women's Eight,none,"5'11""",185,8/2/86,Pittsburgh,40.4396,-79.9762,Pa.,PA
Emily,Regan,Summer,F,Rowing ,Women's Eight,none,"6'2""",178,6/10/88,Buffalo,42.9016,-78.8487,N.Y.,NY
Lauren,Schmetterling,Summer,F,Rowing ,Women's Eight,none,"5'11""",170,8/3/88,Moorestown-Lenola,39.9659,-74.9643,N.J.,NJ
Kerry,Simmonds,Summer,F,Rowing ,Women's Eight,none,"6'0""",180,4/3/89,San Diego,27.7609,-98.2389,Calif.,CA
Katelin,Snyder,Summer,F,Rowing ,Women's Eight,none,"5'4""",110,8/16/87,Orlando,28.4772,-81.3369,Fla. ,FL
Perry,Baker,Summer,M,Rugby,Wing,none,"6'1""",180,6/29/1986,Daytona Beach,29.1994,-81.0982,Fla. ,FL
Danny,Barrett,Summer,M,Rugby,Prop,none,"6'2""",225,3/23/1990,Pacifica,37.6112,-122.4781,Calif.,CA
Garrett,Bender,Summer,M,Rugby,Forward,none,"6'4""",230,12/2/1991,Minneapolis,39.1243,-97.6997,Minn.,MN
Andrew,Durutalo,Summer,M,Rugby,Prop,none,6'2,236,10/25/1987,San Diego,27.7609,-98.2389,Calif.,CA
Nate,Ebner,Summer,M,Rugby,Forward,none,"6'1""",215,12/14/1988,Columbus Grove,40.9205,-84.0598,Ohio,OH
Madison,Hughes,Summer,M,Rugby,Scrum Half,none,"5'8""",175,10/26/1992,Lancaster,40.0421,-76.3012,Mass.,MA
Carlin,Isles,Summer,M,Rugby,Wing,none,"5'8""",165,11/21/1989,Massillon,40.7838,-81.5254,Ohio,OH
Martin,Iosefo,Summer,M,Rugby,Center,none,"6'2""",220,1/13/1990,Wahiawa,21.5005,-158.0198,Hawaii,HI
Folau,Niua,Summer,M,Rugby,Fly-Half,none,"6'0""",196,1/27/1985,East Palo Alto,37.4671,-122.1352,Calif.,CA
Ben,Pinkelman,Summer,M,Rugby,Forward,none,"6'4""",220,6/13/1994,Centennial,39.5926,-104.8674,Colo.,CO
Zack,Test,Summer,M,Rugby,Hooker,none,"6'3""",205,10/13/1989,Redwood City,37.5026,-122.2252,Calif.,CA
Maka,Unufe,Summer,M,Rugby,Wing,none,"6'2""",205,9/28/1991,Provo,40.2457,-111.6457,Utah,UT
Chris,Wyles,Summer,M,Rugby,Center/Fullback/Wing,none,"6'0""",205,9/12/1983,Stamford,41.1035,-73.5583,Conn.,CT
Bui,Baravilala,Summer,F,Rugby,Full-back,none,"5'6""",165,7/12/1991,Honolulu,21.3294,-157.846,Hawaii,HI
Ryan,Carlyle,Summer,F,Rugby,Hooker,none,"5'6""",145,11/24/1989,West Nyack,41.0907,-73.9714,N.Y.,NY
Lauren,Doyle,Summer,F,Rugby,Wing / Full-Back,none,"5'6""",150,2/23/1991,Boody,39.7655,-89.0472,Ill.,IL
Carmen,Farmer,Summer,F,Rugby,Lock,none,"6'1""",180,12/4/1980,Richmond,37.5295,-77.4756,Va.,VA
Nana,Fa'avesi,Summer,F,Rugby,Prop,none,"5'6""",161,2/5/1992,Sacramento,38.5667,-121.4683,Calif.,CA
Victoria,Folayan,Summer,F,Rugby,Hooker,none,"5'5""",160,5/27/1985,Boston,42.3188,-71.0846,Mass.,MA
Kelly,Griffin,Summer,F,Rugby,Prop,none,"5'4""",150,11/7/1986,Berkeley,37.8723,-122.276,Calif.,CA
Jessica,Javelet,Summer,F,Rugby,Wing,none,"5'6""",140,6/25/1985,San Diego,27.7609,-98.2389,Calif.,CA
Kathryn,Johnson,Summer,F,Rugby,Center,none,"5'10""",153,10/25/1991,Hopkins,44.9261,-93.4056,Minn.,MN
Alev,Kelter,Summer,F,Rugby,Scrum Half,none,"5'6""",165,3/21/1991,Eagle River,45.9249,-89.2561,Alaska,AK
Jillion,Potter,Summer,F,Rugby,Prop,none,"5'10""",175,7/5/1986,Denver,39.7621,-104.8759,Colo.,CO
Richelle,Stephens,Summer,F,Rugby,Flyhalf,none,"5'6""",145,7/22/1996,Fallbrook,33.3693,-117.2259,Calif.,CA
Bora,Gulari,Summer,M,Sailing,Nacra 17 Class (Two-Person Mixed Multihull),None,"5'11""",165,10/22/75,Detroit,42.3834,-83.1024,Mich.,MI
Louisa,Chafee,Summer,F,Sailing,Nacra 17 Class (Two-Person Mixed Multihull),None,"5'5""",125,9/24/91,Warwick,41.7062,-71.4334,R.I.,RI
Thomas,Barrows III,Summer,M,Sailing,49er (Two-Person High Performance Skiff),2008 - U.S. Virgin Islands,"6'1""",181,11/2/87,"St. Thomas, Virgin Islands",#N/A,#N/A,-,#N/A
Joe,Morris,Summer,M,Sailing,49er (Two-Person High Performance Skiff),None,"5'10""",176,8/17/89,Annapolis,38.9706,-76.5047,Md. ,MD
Paris,Henken,Summer,F,Sailing,49erFX (Two-Person High Performance Skiff),None,"5'6""",140,12/22/1995,Coronado,32.664,-117.16,Calif.,CA
Helena ,Scutt,Summer,F,Sailing,49erFX (Two-Person High Performance Skiff),None,"5'7""",145,6/15/1992,Kirkland,47.6974,-122.2054,Wash.,WA
Charlie ,Buckingham,Summer,M,Sailing,Laser (One-Person Dinghy),none,"6'2""",180,1/16/89,Newport Beach,33.6151,-117.8669,Calif.,CA
Paige ,Railey,Summer,F,Sailing,Laser Radial (One-Person Dinghy),2012 ,"5'8""",147,5/15/1987,Clearwater,27.9789,-82.7622,Fla. ,FL
Caleb,Paine,Summer,M,Sailing,Finn (One-Person Heavyweight Dinghy),None,"6'3""",215,11/15/1990,San Diego,27.7609,-98.2389,Calif.,CA
Pedro,Pascual,Summer,M,Sailing,RS:X,none,"6'1""",154,3/15/96,Boca Raton,26.3752,-80.108,Fla. ,FL
Marion ,Lepert,Summer,F,Sailing,RS:X (Sail Board),none,"5'10""",135,9/18/95,Belmont,37.5154,-122.2955,Calif.,CA
Dave,Hughes,Summer,M,Sailing,470 (Two-Person Dinghy),none,"6'1""",157,1/22/78,Miami,25.7839,-80.2102,Fla. ,FL
Stu,McNay,Summer,M,Sailing,470 (Two-Person Dinghy),2008-13th; 2012-14th,"5'7""",145,8/1/81,Providence,41.823,-71.4187,R.I.,RI
Annie,Haeger,Summer,F,Sailing,470 (Two-Person Dinghy),none,"5'6""",128,2/5/90,East Troy,42.7848,-88.3973,Wis.,WI
Briana,Provancha ,Summer,F,Sailing,470 (Two-Person Dinghy),none,"5'7""",147,4/25/89,San Diego,27.7609,-98.2389,Calif.,CA
Will,Brown,Summer,M,Shooting,Air,none,"5'7""",135,12/31/91,Twin Falls,42.5645,-114.4615,Idaho,ID
Emil,Milev,Summer,M,Shooting,Rapid Fire,Bulgaria: 1992; 1996-S; 2000; 2004; USA: 2012,"5'10""",185,5/2/68,Brandon,27.9367,-82.3,Fla. ,FL
Keith,Sanderson,Summer,M,Shooting,Rapid Fire,2008-5th; 2012-14th,"6'0""",210,2/2/75,San Antonio,29.4658,-98.5253,Texas,TX
Jay,Shi,Summer,M,Shooting,"Free, Air",none,"5'8""",135,2/23/79,Phoenix ,#N/A,#N/A,Ariz.,AZ
Lydia,Paterson,Summer,F,Shooting,Air,none,"5'4""",153,10/17/96,Kansas City,39.1239,-94.5541,Kan.,KS
Enkelejda,Shehaj,Summer,F,Shooting,Sport,"Albania 1992-14th; 1996-15th, 21st","5'4""",126,1/23/69,Naples,26.1504,-81.7936,Fla. ,FL
Matt,Emmons,Summer,M,Shooting,Three-Position,2004-Gold; 2008-Silver; 2012-Bronze,"5'9""",185,4/5/81,Brown Mills,#N/A,#N/A,N.J.,NJ
David,Higgins,Summer,M,Shooting,Prone,none,"5'9""",150,6/27/94,San Clemente,33.4498,-117.6103,Calif.,CA
Lucas,Kozeniesky ,Summer,M,Shooting,Air,none,"5'11""",175,5/31/95,Fairfax,38.8531,-77.2998,Va.,VA
Daniel,Lowe,Summer,M,Shooting,Air,none,"6'0""",180,11/181992,Olympia,47.0417,-122.8959,Wash.,WA
Michael,McPhail,Summer,M,Shooting,Prone,2012-9th,"6'0""",195,12/15/81,Darlington,34.3015,-79.867,Wis.,WI
Sarah,Scherer,Summer,F,Shooting,Air,2012- 7th,"5'7""",137,2/12/91,Woburn,42.4869,-71.1543,Mass.,MA
Virginia,Thrasher,Summer,F,Shooting,"Air, Three-Position",none,"5'1""",120,2/28/97,Springfield,42.1155,-72.5395,Va.,VA
Glenn,Eller,Summer,M,Shooting,Double Trap,2000; 2004; 2008-Gold; 2012,"6'2""",180,1/6/82,Columbus,39.9862,-82.985,Ga.,GA
Vincent,Hancock,Summer,M,Shooting,Skeet,2008-Gold; 2012-Gold,"5'8""",175,3/19/89,Eatonton,33.3258,-83.3886,Ga.,GA
Josh,Richmond,Summer,M,Shooting,Double Trap,2012-16th,"6'2""",201,12/19/85,Hillsgrove,#N/A,#N/A,Pa.,PA
Frank,Thompson,Summer,M,Shooting,Skeet,2012-8th,"5'11""",174,3/11/88,Alliance,40.9107,-81.1189,Neb.,NE
Corey,Cogdell-Unrein,Summer,F,Shooting,Trap,2008-B; 2012,"5'8""",155,9/2/86,Eagle River,45.9249,-89.2561,Alaska,AK
Morgan,Craft,Summer,F,Shooting,Skeet,none,"5'3""",140,5/11/93,Muncy,41.2021,-76.7854,Pa.,PA
Kim,Rhode,Summer,F,Shooting,Skeet,1996-G; 2000-B; 2004-G; 2008-S; 2012-G,"5'4""",180,7/16/79,El Monte,34.0739,-118.0291,Calif.,CA
Morgan,Brian,Summer,F,Soccer,Midfield,none,"5'7""",127,2/26/93,Houston,29.7863,-95.3889,Texas,TX
Crystal,Dunn,Summer,F,Soccer,Midfield,none,"5'2""",123,7/3/92,Rockville Centre,40.6644,-73.6383,N.Y. ,NY
Whitney,Engen,Summer,F,Soccer,Defenseman,none,"5'7""",143,11/28/87,Rolling Hills Estates,33.7783,-118.3509,Calif.,CA
Tobin,Heath,Summer,F,Soccer,Midfield,2008-G; 2012-G,"5'6""",130,5/29/88,Basking Ridge,#N/A,#N/A,N.J.,NJ
Lindsey,Horan,Summer,F,Soccer,Forward,none,5'9',165,5/26/94,Golden,39.7406,-105.2118,Colo. ,CO
Julie,Johnston,Summer,F,Soccer,Defenseman,none,"5'7""",144,4/6/92,Mesa,33.4017,-111.718,Ariz.,AZ
Meghan,Klingenberg,Summer,F,Soccer,Defenseman,none,"5'2""",122,8/2/88,Pittsburgh,40.4396,-79.9762,Pa. ,PA
Ali,Krieger,Summer,F,Soccer,Defenseman,none,"5'6""",138,7/28/84,Dumfries,38.567,-77.3233,Va.,VA
Carli,Lloyd,Summer,F,Soccer,Midfield,2008-G; 2012-G,"5'7""",140,7/16/82,Delran,#N/A,#N/A,N.J. ,NJ
Allie,Long,Summer,F,Soccer,Midfield,none,"5'8""",140,8/13/87,Northport,33.2589,-87.5984,N.Y. ,NY
Alex,Morgan,Summer,F,Soccer,Forward,2012-G,"5'8""",137,7/2/89,Diamond Bar,33.9991,-117.8161,Calif. ,CA
Alyssa,Naeher,Summer,F,Soccer,Goalkeeper,none,"5'9""",152,4/20/88,Seymour,38.9476,-85.891,Conn. ,CT
Kelley,O'Hara,Summer,F,Soccer,Defenseman,2012-G,"5'5""",127,8/4/88,Fayetteville,36.0713,-94.166,Ga. ,GA
Christen,Press,Summer,F,Soccer,Forward,none,"5'6""",135,12/29/88,Palos Verdes Estates,33.7871,-118.3976,Calif.,CA
Mallory,Pugh,Summer,F,Soccer,Forward,none,"5'4""",120,4/29/98,Highlands Ranch,39.5419,-104.9708,Colo.,CO
Megan,Rapinoe,Summer,F,Soccer,Midfield,2012-G,"5'6""",133,7/5/85,Redding,40.5698,-122.365,Calif.,CA
Becky,Sauerbrunn,Summer,F,Soccer,Defenseman,2012-G,"5'7""",140,6/6/85,St. Louis,38.6358,-90.2451,Mo. ,MO
Hope,Solo,Summer,F,Soccer,Goalkeeper,2008-G; 2012-G,"5'9""",148,7/30/81,Richland,46.2824,-119.2938,Wash. ,WA
Nathan,Adrian,Summer,M,Swimming,"50m Free, 100m Free, 4x100 Free","2008-G; 2012-2G, S","6'6""",220,12/7/88,Bremerton,47.5436,-122.7122,Wash.,WA
Gunnar,Bentz,Summer,M,Swimming,4x200m Free,none,"6'5""",185,1/3/96,Atlanta,33.1136,-94.1672,Ga.,GA
Jack,Conger,Summer,M,Swimming,4x200m Free,none,"6'4""",175,9/26/94,Rockville,41.8667,-72.4528,Md. ,MD
Kevin,Cordes,Summer,M,Swimming,"100m Breast, 200m Breast",none,"6'5""",193,8/13/93,Naperville,41.7483,-88.1657,Ill.,IL
Caeleb,Dressel,Summer,M,Swimming,"100m Free, 4x100m Free",none,"6'3""",190,8/16/96,Orange Park,30.1706,-81.7041,Fla. ,FL
Conor,Dwyer,Summer,M,Swimming,"200m Free, 400m Free, 4x200m Free",2012-G,"6'5""",195,1/10/89,Winnetka,42.1064,-87.7421,Ill.,IL
Anthony,Ervin,Summer,M,Swimming,"50m Free, 4x100m Free","2000-G,S; 2012","6'3""",177,5/26/81,Valencia,34.8053,-106.6869,Calif. ,CA
Jimmy,Feigen,Summer,M,Swimming,4x100m Free,2012-S,"6'5""",216,9/26/89,San Antonio,29.4658,-98.5253,Texas,TX
Townley,Haas,Summer,M,Swimming,"200m Free, 4x200m Free",none,"6'5""",185,12/13/1996  ,Henrico,#N/A,#N/A,Va.,VA
Ryan,Held,Summer,M,Swimming,4x100m Free,none,,,6/27/95,Springfield,42.1155,-72.5395,Ill.,IL
Connor,Jaeger,Summer,M,Swimming,"400m Free, 1,500m Free",2012-6th,"6'1""",170,4/30/91,Fair Haven,40.3619,-74.0392,N.J. ,NJ
Chase,Kalisz,Summer,M,Swimming,400m IM,none,"6'4""",190,3/7/94,Bel Air,39.5348,-76.346,Md. ,MD
Jay,Litherland,Summer,M,Swimming,400m IM,none,"6'0""",175,8/24/1995 ,Greensboro,36.0956,-79.8269,Ga. ,GA
Ryan,Lochte,Summer,M,Swimming,"200m IM, 4x200 Free","2004-G,S; 2008-2G,2B; 2G,2S,B","6'2""",194,8/3/84,Daytona Beach,29.1994,-81.0982,Fla. ,FL
Cody,Miller,Summer,M,Swimming,100m Breast,none,"5'11""",175,1/9/92,Las Vegas,36.2333,-115.2654,Nev. ,NV
Ryan,Murphy,Summer,M,Swimming,"100m Back, 200m Back",none,"6'3""",200,7/2/95,Ponte Vedra Beach,#N/A,#N/A,Fla. ,FL
Jacob,Pebley,Summer,M,Swimming,200m Back,none,"6'4""",190,9/17/93,Corvallis,44.5697,-123.278,Ore.,OR
Michael,Phelps,Summer,M,Swimming,"100m Fly, 200m Fly, 200m IM","2000; 2004-6G, 2B; 2008-8G; 2012-4G,2S","6'4""",200,6/30/85,Baltimore,39.3051,-76.6144,Md. ,MD
Blake,Pieroni,Summer,M,Swimming,4x100 Free,none,"6'2""",190,11/15/1995  ,Valparaiso,41.4782,-87.0507,Ind.,IN
David,Plummer,Summer,M,Swimming,100m Back,none,"6'3""",210,10/9/85,Minneapolis,39.1243,-97.6997,Minn. ,MN
Josh,Prenot,Summer,M,Swimming,200m Breast,none,"5'11""",167,7/28/93,Berkeley,37.8723,-122.276,Calif. ,CA
Tom,Shields,Summer,M,Swimming,200m Fly,none,"6'4""",190,7/11/91,Huntington Beach,33.696,-118.0025,Calif.,CA
Clark,Smith,Summer,M,Swimming,4x200m Free,none,"6'9""",198,4/17/1995 ,Denver,39.7621,-104.8759,Colo. ,CO
Cammile,Adams,Summer,F,Swimming,200m Fly,2012,"5'8""",143,9/11/91,Houston,29.7863,-95.3889,Texas,TX
Kathleen,Baker,Summer,F,Swimming,100m Back,none,"5'8""",149,2/28/97,Winston-Salem,36.1029,-80.2611,N.C. ,NC
Elizabeth,Beisel,Summer,F,Swimming,400m IM,"2008; 2012-S,B","5'6""",146,8/18/92,Saunderstown,#N/A,#N/A,R.I.,RI
Maya,DiRado,Summer,F,Swimming,"200m Back, 200m IM, 400m IM",none,"5'9""",143,4/5/93,Santa Rosa,38.4458,-122.7067,Calif.,CA
Hali,Flickinger,Summer,F,Swimming,200m Fly,none,"5'5""",115,7/7/94,Spring Grove,42.4543,-88.2402,Pa. ,PA
Missy,Franklin,Summer,F,Swimming,"200m Back, 200m Free, 4x200m Free","2012-4G, 1B","6'2""",170,5/10/95,Centennial,39.5926,-104.8674,Colo. ,CO
Molly,Hannis,Summer,F,Swimming,200m Breast,none,"5'6""",155,3/13/92,Santa Rosa,38.4458,-122.7067,Calif. ,CA
Lilly,King,Summer,F,Swimming,"100m Breast, 200m Breast",none,"5'9""",155,2/10/1997 ,Evansville,37.9881,-87.5341,Ind. ,IN
Katie,Ledecky,Summer,F,Swimming,"200m Free, 400m Free, 800m Free, 4x200m Free",2012-G,"6'0""",160,3/17/97,Bethesda,38.9866,-77.1188,Md. ,MD
Simone,Manuel,Summer,F,Swimming,"50m Free, 100m Free, 4x100 Free",none,"5'10""",160,8/2/96,Sugar Land,29.5935,-95.6357,Texas,TX
Melanie,Margalis,Summer,F,Swimming,"200 IM, 4x200 Free",none,"5'8""",144,12/30/91,Clearwater,27.9789,-82.7622,Fla. ,FL
Katie,Meili,Summer,F,Swimming,100m Breast,none,"5'7""",135,4/16/1991 ,Colleyville,32.8913,-97.1486,Texas,TX
Lia,Neal,Summer,F,Swimming,4x100m Free,2012 - B,"5'10""",165,2/13/95,Brooklyn,40.6501,-73.9496,N.Y.,NY
Cierra,Runge,Summer,M,Swimming,4x200m Free,none,"6'4""",187,3/7/1996  ,Cochranville,39.8905,-75.9241,Pa.,PA
Allison,Schmitt,Summer,F,Swimming,4x200m Free,"2008-B; 2012-3G,S,B","6'1""",165,6/7/1990  ,Canton,40.8075,-81.3677,Mich.,MI
Leah,Smith,Summer,F,Swimming,"400m Free, 800m Free, 4x200m Free",none,"5'9""",149,4/19/95,Pittsburgh,40.4396,-79.9762,Pa.,PA
Olivia,Smoliga,Summer,F,Swimming,100m Back,none,"6'2""",165,10/12/94,Chicago,41.8373,-87.6862,Ill.,IL
Dana,Vollmer,Summer,F,Swimming,"100m Fly, 4x100m Free","2012-3G, 2004-G","6'1""",150,11/13/87,Danville,40.1423,-87.6114,Calif.,CA
Amanda,Weir,Summer,F,Swimming,4x100m Free,"2012-B, 2004-2S","6'2""",170,3/11/86,Lawrenceville,33.9523,-83.9931,Ga.,GA
Amanda,Weitzeil,Summer,F,Swimming,"50m Free, 100m Free, 4x100m Free",none,5'10,150,12/3/96,Saugus,#N/A,#N/A,Calif.,CA
Kelsi,Worrell,Summer,F,Swimming,100m Fly,none,"5'11""",165,7/15/94,Westampton,#N/A,#N/A,N.J.,NJ
Sean,Ryan,Summer,M,Swimming,10K Open Water,None,"6'3""",170,8/13/92,Chattanooga,35.0657,-85.2488,Tenn.,TN
Jordan,Wilimovsky,Summer,M,Swimming,"10K Open Water; 1,500m free",none,"5'9""",150,4/22/94,Malibu,34.0368,-118.7845,Calif.,CA
Haley,Anderson,Summer,F,Swimming,10K Open Water,2012-Silver,"5'10""",150,11/20/91,Granite Bay,38.7601,-121.1714,Calif.,CA
Anita,Alvarez,Summer,F,Synchro,Duet/Team,none,"5'7""",114,12/2/96,Buffalo,42.9016,-78.8487,N.Y.,NY
Mariya,Koroleva,Summer,F,Synchro,Duet/Team,2012,"5'5""",123,4/10/90,Concord,37.9722,-122.0016,Calif.,CA
Yijun,Feng,Summer,M,Table Tennis,"Singles, Team",none,"6'1""",157,2/12/97,Alpharetta,34.0704,-84.2739,Ga. ,GA
Kanak,Jha,Summer,M,Table Tennis,"Singles, Team",none,"5'5""",114,6/19/00,Milpitas,37.4339,-121.8921,Calif.,CA
Timothy,Wang,Summer,M,Table Tennis,Singles,2012,"5'9""",141,8/17/91,Houston,29.7863,-95.3889,Texas,TX
Jennifer,Wu,Summer,F,Table Tennis,"Singles, Team",none,"5'3""",112,1/14/90,Fort Lee,40.8509,-73.9712,N.J.,NJ
Lily,Zhang,Summer,F,Table Tennis,"Singles, Team",2012,"5'5""",130,6/16/96,Palo Alto,37.3913,-122.1468,Calif.,CA
Jiaqi,Zheng,Summer,F,Table Tennis,Team,none,"5'5""",94,1/13/88,Fremont,37.5265,-121.9852,Calif. ,CA
Stephen,Lambdin,Summer,M,Taekwondo,+80 kg.,None,"6'2""",240,3/9/88,Colleyville,32.8913,-97.1486,Texas,TX
Steven,Lopez,Summer,M,Taekwondo,80 kg.,2000-G; 2004-G; 2008-B; 2012,"6'3""",185,11/9/78,Sugar Land,29.5935,-95.6357,Texas,TX
Jackie,Galloway,Summer,F,Taekwondo,+67 kg.,None,"5'10""",175,12/27/95,Wylie,33.0362,-96.5161,Texas,TX
Paige,McPherson,Summer,F,Taekwondo,-67 kg.,2012-B,"5'8""",140,10/1/90,Sturgis,41.7995,-85.4182,S.D. ,SD
Brian,Baker,Summer,M,Tennis,Singles,none,"6'3""",170,4/30/85,Nashville,36.1715,-86.7843,Tenn.,TN
Steve ,Johnson,Summer,M,Tennis,"Singles, Doubles",none,"6'2""",190,12/24/89,Los Angeles,34.1139,-118.4068,Calif.,CA
Denis,Kudla,Summer,M,Tennis,Singles,none,"5'11""",175,8/17/92,Arlington,32.6998,-97.125,Va.,VA
Jack,Sock,Summer,M,Tennis,"Singles, Doubles",none,"6'3""",185,9/24/92,Lincoln,40.809,-96.6788,Neb.,NE
Madison,Keys,Summer,F,Tennis,Singles,none,"5'10""",150,2/17/95,Lake Worth,26.6196,-80.0591,Fla. ,FL
Bethanie,Mattek-Sands,Summer,F,Tennis,Doubles,none,"5'6""",145,3/23/85,Phoenix,33.5722,-112.0891,Ariz.,AZ
Rajeev ,Ram,Summer,M,Tennis,Doubles,none,"6'4""",185,3/18/84,Carmel,39.965,-86.146,Ind.,IN
Sloane,Stephens,Summer,F,Tennis,Singles,none,"5'8""",142,3/20/93,Fort Lauderdale,26.1412,-80.1464,Fla. ,FL
Coco ,Vandeweghe,Summer,F,Tennis,Doubles,none,"6'1""",155,12/6/91,Rancho Santa Fe,33.024,-117.1992,Calif.,CA
Venus,Williams,Summer,F,Tennis,"Singles, Doubles",2000-2G; 2004; 2008-G; 2012-G,"6'1""",160,6/17/80,Palm Beach Gardens,26.8466,-80.1679,Fla. ,FL
Serena,Williams,Summer,F,Tennis,"Singles, Doubles",2000-G; 2008-G; 2012-2G,"5'10""",160,9/26/81,Palm Beach Gardens,26.8466,-80.1679,Fla. ,FL
Brad,Adkins,Summer,M,Track and Field,High Jump,none,"6'2""",175,12/30/93,Idalou,33.6624,-101.6838,Texas,TX
Morolake,Akinosun,Summer,F,Track and Field,4x100m,none,"5'4""",135,5/17/94,Chicago,41.8373,-87.6862,Ill.,IL
Devon,Allen,Summer,M,Track and Field,110m Hurdles,none,"6'1""",185,12/12/94,Eugene,44.0563,-123.1173,Ore.,OR
Nia,Ali,Summer,F,Track and Field,100m Hurdles,none,"5'7""",143,10/23/88,Philadelphia,40.0077,-75.1339,Pa.,PA
Robby,Andrews,Summer,M,Track and Field,"1,500m",none,"5'10""",145,3/29/91,Manalapan,26.562,-80.0438,N.J.,NJ
Ronnie,Ash,Summer,M,Track and Field,110m Hurdles,none,"6'2""",208,7/2/88,Passaic,40.8574,-74.1282,N.J.,NJ
Whitney,Ashley,Summer,F,Track and Field,Discus Throw,none,"5'10""",200,2/18/89,Riverside,33.9381,-117.3948,Calif.,CA
Tavis,Bailey,Summer,M,Track and Field,Discus Throw,none,"6'3""",275,1/6/92,Kannapolis,35.4764,-80.6403,N.C. ,NC
Tianna,Bartoletta,Summer,F,Track and Field,"100m, Long Jump",2012-G,"5'6""",130,8/30/85,Tampa,27.9942,-82.4451,Fla. ,FL
Chris,Benard,Summer,M,Track and Field,Triple Jump,none,"6'3""",185,4/9/90,Corona,33.8616,-117.5649,Calif.,CA
Boris,Berian,Summer,M,Track and Field,800m ,none,"6'0""",153,12/19/92,Colorado Springs,38.8674,-104.7606,Colo.,CO
Gwen,Berry,Summer,F,Track and Field,Hammer Throw,none,"5'9""",195,6/29/89,St. Louis,38.6358,-90.2451,Mo. ,MO
Ben,Blankenship,Summer,M,Track and Field,"1,500m",none,"5'10""",140,12/15/88,Stillwater,36.1316,-97.074,Minn.,MN
Hillary,Bor,Summer,M,Track and Field,3000m Steeplechase,none,"5'6""",115,11/22/89,Colorado Springs,38.8674,-104.7606,Colo.,CO
Brittany,Borman,Summer,F,Track and Field,Javelin Throw,2012,"6'0""",170,7/1/89,Festus,38.2192,-90.4095,Mo. ,MO
Tori,Bowie,Summer,F,Track and Field,"100m, 200m",none,"5'9""",128,8/27/90,Sandhill,#N/A,#N/A,Miss.,MS
Marvin,Bracy,Summer,M,Track and Field,100m,none,"5'9""",171,12/15/93,Orlando,28.4772,-81.3369,Fla. ,FL
Trayvon,Bromell,Summer,M,Track and Field,100m,none,"5'9""",154,7/10/95,St. Petersburg,27.7931,-82.6652,Fla. ,FL
Donn,Cabral,Summer,M,Track and Field,3000m Steeplechase,2012,"5'10""",148,12/12/89,Glastonbury,41.7019,-72.6001,Conn. ,CT
Amber,Campbell,Summer,F,Track and Field,Hammer Throw,2008; 2012,"5'7""",200,6/5/81,Indianapolis,39.7771,-86.1458,Ind.,IN
Kelsey,Card,Summer,F,Track and Field,Discus Throw,none,"5'10""",255,8/20/92,Carlinville,39.2774,-89.8761,Ill.,IL
Michelle,Carter,Summer,F,Track and Field,Shot Put,2008; 2012,"5'9""",300,10/12/85,Ovilla,32.5352,-96.8895,Texas,TX
Kristi ,Castlin,Summer,F,Track and Field,100m Hurdles,none,"5'7""",133,7/7/88,Atlanta,33.1136,-94.1672,Ga.,GA
Matthew,Centrowitz,Summer,M,Track and Field,"1,500m",2012,"5'9""",145,10/18/89,Portland,45.5372,-122.65,Ore.,OR
Paul,Chelimo,Summer,M,Track and Field,"5,000m ",none,"5'9""",125,10/27/90,Beaverton,45.4779,-122.8168,Ore.,OR
Will,Claye,Summer,M,Track and Field,Triple Jump,"2012-S, B","5'11""",160,6/13/91,Phoenix,33.5722,-112.0891,Ariz.,AZ
Kerron,Clement,Summer,M,Track and Field,400m hurdles,"2008-G, S; 2012","6'2""",192,10/31/85,LaPorte,40.6385,-105.1444,Texas,TX
Kyle,Clemons,Summer,M,Track and Field,4x400m,none,"5'11""",163,12/27/90,Jonesboro,35.8212,-90.6791,Ark.,AR
Emma,Coburn,Summer,F,Track and Field,3000m Steeplechase,2012,"5'8""",120,10/19/90,Crested Butte,38.8675,-106.9772,Colo.,CO
Christian,Coleman,Summer,M,Track and Field,4x100m,none,"5'9""",159,3/6/96,Atlanta ,33.7627,-84.4224,Ga.,GA
Kim,Conley,Summer,F,Track and Field,5000m,2012,"5'3""",110,3/14/86,Sacramento,38.5667,-121.4683,Calif. ,CA
Ryan,Crouser,Summer,M,Track and Field,Shot put,none,"6'7""",275,12/18/92,Boring,#N/A,#N/A,Ore.,OR
Sam,Crouser,Summer,M,Track and Field,Javelin Throw,none,"6'6""",230,12/31/91,Gresham,45.5023,-122.4413,Ore.,OR
Logan,Cunningham,Summer,M,Track and Field,Pole Vault,none,"5'9""",160,5/30/91,Smithson Valley,#N/A,#N/A,Texas,TX
Vashti,Cunningham,Summer,F,Track and Field,High Jump,none,"6'1""",123,1/18/98,Las Vegas,36.2333,-115.2654,Nev. ,NV
Abbey,D'Agostino,Summer,F,Track and Field,5000m,none,5'3,110,5/25/92,Topsfield,#N/A,#N/A,Mass.,MA
Janay,Deloach ,Summer,F,Track and Field,Long Jump,2012-B,"5'5""",128,10/12/85,Fort Collins,40.5478,-105.0656,Colo.,CO
Ashton,Eaton,Summer,M,Track and Field,Decathlon,2012-G,"6'1""",180,1/21/88,Bend,44.0562,-121.3087,Ore. ,OR
Taylor,Ellis-Watson,Summer,F,Track and Field,4x400m,none,"6'0""",142,5/6/93,Philadelphia,40.0077,-75.1339,Pa.,PA
Christina,Epps,Summer,F,Track and Field,Triple Jump,none,"5'9""",145,6/20/91,Morristown,36.2046,-83.3006,N.J. ,NJ
Andrew,Evans,Summer,M,Track and Field,Discus Throw,none,"6'6""",250,1/25/91,Portage,42.2,-85.5906,Mich.,MI
Allyson,Felix,Summer,F,Track and Field,400m,"2004-S; 2008-G,S; 2012-3G","5'6""",125,11/18/85,Los Angeles,34.1139,-118.4068,Calif.,CA
Mason ,Finley,Summer,M,Track and Field,Discus Throw,none,"6'8""",348,10/7/90,Chaffee County,#N/A,#N/A,Colo. ,CO
Phyllis,Francis,Summer,F,Track and Field,400m,none,"5'11""",158,5/4/92,Bryan,30.6657,-96.3668,Texas,TX
Courtney,Frerichs,Summer,F,Track and Field,3000m Steeplechase,none,"5'7""",118,1/18/93,Nixa,37.0453,-93.296,Mo. ,MO
Sean,Furey,Summer,M,Track and Field ,Javelin Throw,2012 - 37,"6'2""",200,8/31/82,Methuen Town,42.734,-71.1889,Mass.,MA
English,Gardner,Summer,F,Track and Field,100m,none,"5'6""",120,4/22/92,Voorheesville,42.6518,-73.9349,N.J. ,NJ
Justin,Gatlin,Summer,M,Track and Field,"100m, 200m","2004-G,S,B; 2012-B,S","6'1""",177,2/10/82,Pensacola,30.4427,-87.1886,Fla. ,FL
Tyson,Gay,Summer,M,Track and Field,4x100m,2008; 2012-S,"5'11""",178,8/9/82,Lexington,38.0423,-84.4587,Ky.,KY
Andrea,Geubelle,Summer,F,Track and Field,Triple Jump,none,"5'4""",128,6/26/91,University Place,47.2147,-122.5461,Wash.,WA
Kate,Grace,Summer,F,Track and Field ,800m,none,"5'8""",122,10/24/88,Sacramento,38.5667,-121.4683,Calif.,CA
Arman,Hall,Summer,M,Track and Field,4x400m,none,"6'0""",165,2/12/94,Pembroke Pines,26.0128,-80.3382,Fla. ,FL
Marielle,Hall,Summer,F,Track and Field,"10,000m",none,5'3,112,1/28/92,Mount Laurel ,#N/A,#N/A,N.J. ,NJ
Mike,Hartfield,Summer,M,Track and Field,Long Jump,none,"6'3""",170,3/29/90,Manchester,42.9848,-71.4447,Conn.,CT
Natasha,Hastings,Summer,F,Track and Field,400m,2008-G,"5'8""",150,7/23/86,Queens,40.7498,-73.7976,N.Y. ,NY
Jeff,Henderson,Summer,M,Track and Field,Long Jump,none,"6'0""",189,2/19/89,McAlmont,34.7926,-92.1959,Ark.,AR
Darrell,Hill,Summer,M,Track and Field,Shot Put,none,"6'3""",320,8/17/93,Darby,39.921,-75.2611,Pa.,PA
Cyrus,Hostetler,Summer,M,Track and Field,Javelin Throw,2012,"6'2""",210,8/8/86,Newberg,45.3075,-122.9601,Ore.,OR
Shelby,Houlihan,Summer,F,Track and Field,5000m,none,"5'3""",118,2/8/93,Sioux City,42.4959,-96.3901,Iowa,IA
Molly,Huddle,Summer,F,Track and Field,"10,000m",2012,"5'5""",108,8/31/84,Elmira,42.0938,-76.8097,N.Y. ,NY
Emily,Infeld,Summer,F,Track and Field,"10,000m",none,5'4,110,3/21/90,Portland,45.5372,-122.65,Ore.,OR
Evan,Jager,Summer,M,Track and Field,"3,000m Steeplechase",2012,"6'2""",145,3/8/89,Algonquin,42.1629,-88.3159,Ill.,IL
Charles,Jock,Summer,M,Track and Field,800m,none,"6'3""",164,11/23/89,San Diego,27.7609,-98.2389,Calif.,CA
Felisha,Johnson,Summer,F,Track and Field,Shot Put,none,"6'1""",280,7/24/89,Indianapolis,39.7771,-86.1458,Ind.,IN
Kibwe,Johnson,Summer,M,Track and Field,Hammer Throw,2012-T-9th,"6'2""",225,7/17/81,San Francisco,37.7562,-122.443,Calif.,CA
Sam,Kendricks,Summer,M,Track and Field,Pole Vault,none,"6'1""",175,9/7/92,Oxford,34.3627,-89.5336,Miss.,MS
Shadrack,Kipchirchir,Summer,M,Track and Field,"10,000m",none,"5'8""",118,2/22/89,Beaverton,45.4779,-122.8168,Ore.,OR
Leonard,Korir,Summer,M,Track and Field,"10,000m ",none,"5'7""",130,12/10/86,Colorado Springs,38.8674,-104.7606,Colo.,CO
Joe,Kovacs,Summer,M,Track and Field,Shot Put,none,"6'0""",295,6/28/89,Nazareth,40.74,-75.3132,Pa.,PA
Erik,Kynard,Summer,M,Track and Field,High Jump,2012-S,"6'4""",198,2/3/91,Toledo,41.6639,-83.5822,Ohio,OH
Bernard,Lagat,Summer,M,Track and Field,"5,000m",2000-B; 2004-S; 2008; 2012,"5'8""",130,12/12/74,Tucson,32.1545,-110.8782,Ariz.,AZ
Jarrion,Lawson,Summer,M,Track and Field,Long Jump,none,"6'2""",172,5/6/94,Texarkana,33.4487,-94.0815,Texas,TX
Chaunte,Lowe,Summer,F,Track and Field,High Jump,2004; 2008; 2012,"5'9""",132,1/12/84,Riverside,33.9381,-117.3948,Calif.,CA
Maggie,Malone,Summer,F,Track and Field,Javelin Throw,none,"5'8""",170,12/30/93,Geneva,42.8644,-76.9827,Neb.,NE
Brenda,Martinez,Summer,F,Track and Field,1500m,none,"5'7""",124,9/8/87,Big Bear Lake,34.2429,-116.8951,Calif.,CA
Conor,McCullough,Summer,M,Track and Field,Hammer Throw,none,"6'5""",235,1/31/91,Los Angeles,34.1139,-118.4068,Calif.,CA
Francena,McCorory,Summer,F,Track and Field,4x400m,2012-G,"5'7""",151,10/20/88,Hampton,37.0551,-76.363,Va.,VA
Inika,McPherson,Summer,F,Track and Field,High Jump,none,"5'5""",114,9/29/86,Port Arthur,29.8554,-93.9264,Texas ,TX
Sydney ,McLaughlin,Summer,F,Track and Field,400m Hurdles,none,"5'9""",132,8/7/99,Dunellen,40.5903,-74.4656,N.J. ,NJ
Tony,McQuay,Summer,M,Track and Field,4x400m,2012-S,"5'11""",160,4/16/90,Clermont,28.5402,-81.7259,Fla. ,FL
Hassan,Mead,Summer,M,Track and Field,"5,000m",none,"6'2""",145,6/28/91,Eugene,44.0563,-123.1173,Ore.,OR
LaShawn,Merritt,Summer,M,Track and Field,"200m, 400m, 4x400m",2008-2G; 2012,"6'3""",190,6/27/86,Portsmouth,36.8468,-76.354,Va.,VA
Heather,Miller-Koch,Summer,F,Track and Field,Heptathlon,none,"5'9""",140,3/30/87,Columbus,39.9862,-82.985,Wis.,WI
Sandi,Morris,Summer,F,Track and Field,Pole Vault,none,"5'8""",137,7/8/92,Greenville,34.8353,-82.3647,S.C. ,SC
Dalilah,Muhammad,Summer,F,Track and Field,400m Hurdles,none,"5'8""",122,2/7/90,Jamaica,41.8452,-94.307,N.Y. ,NY
Clayton,Murphy,Summer,M,Track and Field,800m,none,"5'11""",150,2/26/95,Akron,41.0798,-81.5219,Ohio,OH
Barbara,Nwaba,Summer,F,Track and Field,Heptathlon,none,"5'9""",146,1/18/89,Los Angeles,34.1139,-118.4068,Calf.,CA
Courtney,Okolo,Summer,F,Track and Field,4x400m,none,"5'8""",130,3/15/94,Carrollton,32.989,-96.8999,Texas,TX
Keturah,Orji,Summer,F,Track and Field,Triple Jump,none,"5'5""",135,3/5/96,Mount Olive,35.1997,-78.0662,N.J. ,NJ
Jeff,Porter,Summer,M,Track and Field,110m Hurdles,2012,"6'0""",190,11/27/85,Somerset,37.0815,-84.6091,N.J. ,NJ
Jenna,Prandini,Summer,F,Track and Field,200m ,none,"5'8""",132,11/20/92,Clovis,36.8278,-119.6831,Calif.,CA
DeAnna,Price,Summer,F,Track and Field,Hammer Throw,none,5'8,220,6/8/93,Old Monroe,38.9387,-90.7468,Mo. ,MO
Colleen ,Quigley,Summer,F,Track and Field,3000m Steeplechase,none,"5'9""",135,11/20/92,St. Louis,38.6358,-90.2451,Mo. ,MO
Brittney,Reese,Summer,F,Track and Field,Long Jump,2008; 2012-G,"5'8""",136,9/9/86,Gulfport,30.4271,-89.0703,Miss.,MS
Gil,Roberts,Summer,M,Track and Field,400m,none,"6'2""",180,3/15/89,Oklahoma City,35.4676,-97.5136,Okla. ,OK
Ricky,Robertson,Summer,M,Track and Field,High Jump,none,"5'11""",165,9/19/90,Hernando,34.85,-89.9922,Miss.,MS
Byron,Robinson,Summer,M,Track and Field,400m Hurdles,none,"5'9""",165,5/10/95,Chesapeake,36.6778,-76.3024,Va. ,VA
Michael,Rodgers,Summer,M,Track and Field,4x100m,none,"5'9""",178,4/24/85,Florissant,38.7996,-90.3269,Mo. ,MO
Brianna,Rollins,Summer,F,Track and Field,100m Hurdles,none,"5'5""",130,8/18/91,Miami,25.7839,-80.2102,Fla.,FL
Shannon,Rowbury,Summer,F,Track and Field,"1,500m",2008;2012,"5'5""",115,9/19/84,San Francisco,37.7562,-122.443,Calif.,CA
Raven,Saunders,Summer,F,Track and Field ,Shot Put,none,"5'5""",240,5/15/96,Charleston,32.8153,-79.9628,S.C. ,SC
Cale,Simmons,Summer,M,Track and Field,Pole Vault,none,"6'0""",145,2/5/91,Rocklin,38.8075,-121.2488,Calif.,CA
Jenny,Simpson,Summer,F,Track and Field,"1,500m",2008; 2012,"5'5""",118,8/23/86,Boulder,46.2358,-112.1198,Colo.,CO
Ashley,Spencer,Summer,F,Track and Field,400m Hurdles,none,"5'10""",130,6/8/93,Indianapolis,39.7771,-86.1458,Ind.,IN
Deajah,Stevens,Summer,F,Track and Field,200m ,none,"5'9""",142,5/19/95,Bayside,43.1827,-87.9017,N.Y.,NY
Jenn,Suhr,Summer,F,Track and Field,Pole Vault,2008-S; 2012-G,"6'0""",145,2/5/82,Fredonia,42.4407,-79.3319,N.Y. ,NY
Jeremy,Taiwo,Summer,M,Track and Field,Decathlon,none,"6'4""",200,1/15/90,Renton,47.4784,-122.1919,Wash.,WA
Christian,Taylor,Summer,M,Track and Field,Triple Jump,2012-G,"6'2""",180,6/18/90,Fayetteville,36.0713,-94.166,Ga.,GA
Michael,Tinsley,Summer,M,Track and Field,400m hurdles,2012-S,"6'1""",165,4/21/84,Little Rock,34.7256,-92.3576,Ark.,AR
Shelbi,Vaughan,Summer,F,Track and Field,Discus Throw,none,"6'0""",280,8/24/94,Weatherford,32.7536,-97.7723,Texas,TX
David,Verburg,Summer,M,Track and Field,400m,none,"5'8""",155,5/14/91,Lynchburg,37.4003,-79.1909,Va.,VA
Ariana,Washington,Summer,F,Track and Field,4x100m,none,"5'9""",135,8/27/96,Long Beach,33.7981,-118.1675,Calif.,CA
Ameer,Webb,Summer,M,Track and Field,200m,none,"5'11""",180,3/19/91,Harbor City,#N/A,#N/A,Calif. ,CA
Alexis,Weeks,Summer,F,Track and Field,Pole Vault,none,"5'6""",130,11/20/96,Cabot,34.9768,-92.0274,Ark. ,AR
Chrishuna,Williams,Summer,F,Track and Field,800m,none,"5'3""",120,3/31/93,Dallas,32.7936,-96.7662,Texas,TX
Kendell,Williams,Summer,F,Track and Field,Heptathlon,none,"5'10""",148,6/14/95,Kennesaw,34.026,-84.6177,Ga.,GA
Ajeé,Wilson,Summer,F,Track and Field,800m,none,"5'8""",135,5/8/94,Philadelphia,40.0077,-75.1339,Pa.,PA
Kara,Winger,Summer,F,Track and Field,Javelin Throw,2008-15th; 2012-22nd,"6'0""",185,4/10/86,Vancouver,45.6366,-122.5967,Wash.,WA
Rudy ,Winkler,Summer,M,Track and Field ,Hammer Throw,none,"6'2""",240,12/6/94,Ithaca,42.4442,-76.5032,N.Y. ,NY
Zach,Ziemek,Summer,M,Track and Field,Decathlon,none,"6'4""",195,2/23/93,Itasca,41.9773,-88.0182,Ill.,IL
Meb,Keflezighi,Summer,M,Track and Field,Marathon,2000; 2004-S; 2012,"5'5""",125,5/5/75,San Diego,27.7609,-98.2389,Calif. ,CA
John,Nunn,Summer,M,Track and Field,50K Race Walk,2004; 2012,"6'2""",172,2/3/78,Evansville,37.9881,-87.5341,Ind. ,IN
Miranda,Melville,Summer,F,Track and Field,20K Race Walk,none,"5'2""",110,3/20/89,Rochester,43.168,-77.6162,N.Y. ,NY
Maria,Michta-Coffey,Summer,F,Track and Field,20K Race Walk,2012,"5'5""",110,6/23/86,Nesconset,40.8467,-73.1522,N.Y. ,NY
Galen,Rupp,Summer,M,Track and Field,"Marathon, 10,000m ",2008; 2012-S,"5'11""",135,5/8/86,Portland,45.5372,-122.65,Ore.,OR
Jared,Ward,Summer,M,Track and Field,Marathon,None,"5'10""",145,9/9/88,Kaysville,41.029,-111.9456,Utah,UT
Amy,Cragg,Summer,F,Track and Field,Marathon,2012,"5'4""",100,1/21/84,Leavenworth,39.3239,-94.924,Kan.,KS
Shalane,Flanagan,Summer,F,Track and Field,Marathon,2004; 2008-B; 2012,"5'5""",105,7/8/81,Marblehead,41.5223,-82.7279,Mass.,MA
Desiree,Linden,Summer,F,Track and Field,Marathon,2012,"5'1""",96,7/26/83,Chula Vista,32.6281,-117.0145,Calif. ,CA
Greg,Billington,Summer,M,Triathlon,Men's,none,"5'9""",145,5/30/89,Spokane,47.6671,-117.433,Wash.,WA
Ben,Kanute,Summer,M,Triathlon,Men's,none,"6'0""",155,12/14/92,Geneva,42.8644,-76.9827,Ill.,IL
Joe,Maloy,Summer,M,Triathlon,Men's,none,"5'9""",142,12/20/85,Wildwood Crest,38.9718,-74.8376,N.J.,NJ
Gwen,Jorgensen,Summer,F,Triathlon,Women's,2012,"5'10""",130,4/25/86,St. Paul,44.9477,-93.104,Minn.,MN
Sarah,True,Summer,F,Triathlon,Women's,2012,"5'8""",138,11/27/81,Hanover,39.8117,-76.9835,N.H.,NH
Katie,Zaferes,Summer,F,Triathlon,Women's,none,"5'8""",130,6/9/89,Hampstead,39.6104,-76.855,Md.,MD
Matt,Anderson,Summer,M,Indoor Volleyball,Outside Hitter,2012,"6'9""",190,4/18/87,West Seneca,#N/A,#N/A,N.Y.,NY
Micah,Christenson,Summer,M,Indoor Volleyball,Setter,none,"6'6""",190,5/8/93,Honolulu,21.3294,-157.846,Hawaii,HI
Max ,Holt,Summer,M,Indoor Volleyball,Middle Blocker,none,"6'10""",198,3/12/87,Cincinnati,39.1413,-84.5061,Ohio,OH
Thomas,Jaeschke,Summer,M,Indoor Volleyball,Outside Hitter,none,6-6,200,9/4/93,Wheaton,41.8561,-88.1083,Ill.,IL
David,Lee,Summer,M,Indoor Volleyball,Middle Blocker,2008-G; 2012,"6'8""",231,3/8/82,Alpine,32.8439,-116.7585,Calif.,CA
Reid,Priddy,Summer,M,Indoor Volleyball,Outside Hitter,2004; 2008-G; 2012,"6'4""",196,10/1/77,Richmond,37.5295,-77.4756,Va.,VA
Aaron,Russell,Summer,M,Indoor Volleyball,Outside Hitter,none,6-9,205,6/4/93,Ellicott City,39.2773,-76.8344,Md.,MD
Taylor,Sander,Summer,M,Indoor Volleyball,Outside Hitter,none,6-4,190,3/17/92,Corona,33.8616,-117.5649,Calif.,CA
Kawika,Shoji,Summer,M,Indoor Volleyball,Setter,none,"6'3""",194,11/11/87,Honolulu,21.3294,-157.846,Hawaii,HI
Erik,Shoji,Summer,M,Indoor Volleyball,Libero,none,"6'0""",160,8/24/89,Honolulu,21.3294,-157.846,Hawaii,HI
David,Smith,Summer,M,Indoor Volleyball,"Indoor, MB",2012,"6'7""",200,5/15/85,Saugus,#N/A,#N/A,Calif.,CA
Murphy,Troy,Summer,M,Indoor Volleyball,Outside Hitter,none,"6'8""",235,5/31/89,St. Louis,38.6358,-90.2451,Mo.,MO
Rachael,Adams,Summer,F,Indoor Volleyball,Middle Blocker,none,"6'2""",178,6/3/90,Cincinnati,39.1413,-84.5061,Ohio,OH
Foluke,Akinradewo,Summer,F,Indoor Volleyball,Middle Blocker,2012-S,6-3,170,10/5/87,Fort Lauderdale,26.1412,-80.1464,Fla.,FL
Kayla,Banwarth,Summer,F,Indoor Volleyball,Libero,none,"5'10""",155,1/21/89,Dubuque,42.5008,-90.7067,Iowa,IA
Christa,Dietzen,Summer,F,Indoor Volleyball,Middle Blocker,2012-S,"6'2""",174,10/12/86,Hopewell,37.2915,-77.2985,Pa.,PA
Alisha,Glass,Summer,F,Indoor Volleyball,Setter,none,"6'0""",158,4/5/88,Leland,34.2044,-78.0277,Mich.,MI
Kim,Hill,Summer,F,Indoor Volleyball,Outside Hitter,none,"6'4""",159,11/30/89,Portland,45.5372,-122.65,Ore.,OR
Jordan,Larson,Summer,F,Indoor Volleyball,Outside Hitter,2012-S,"6'2""",150,10/16/86,Hooper,41.1599,-112.2871,Neb.,NE
Carli,Lloyd,Summer,F,Indoor Volleyball,Setter,none,"5'11""",165,8/6/89,Bonsall,33.2761,-117.1942,Calif.,CA
Karsta,Lowe,Summer,F,Indoor Volleyball,Opposite,none,"6'4""",180,2/2/93,San Diego,27.7609,-98.2389,Calif.,CA
Kelly,Murphy,Summer,F,Indoor Volleyball,Opposite,none,"6'2""",170,10/20/89,Wilmington,34.21,-77.8866,Ill.,IL
Kelsey,Robinson,Summer,F,Indoor Volleyball,Outside Hitter,none,"6'2""",155,6/25/92,Bartlett,35.2337,-89.8195,Ill.,IL
Courtney,Thompson,Summer,F,Indoor Volleyball,Setter,2012-S,"5'8""",145,11/4/84,Kent,47.3887,-122.2129,Wash.,WA
Phil,Dalhausser,Summer,M,Beach Volleyball,Beach,2008-G; 2012,"6'9""",205,1/26/80,Ormond Beach,29.296,-81.1003,Fla.,FL
Jake,Gibb,Summer,M,Beach Volleyball,Beach,2008; 2012,"6'7""",210,2/6/76,Bountiful,40.8722,-111.8647,Utah,UT
Nick,Lucena,Summer,M,Beach Volleyball,Beach,none,"6'1""",185,9/22/79,Cooper City,26.0463,-80.2862,Fla.,FL
Casey,Patterson,Summer,M,Beach Volleyball,Beach,none,6-6,195,4/20/80,Newbury Park,#N/A,#N/A,Calif.,CA
Lauren,Fendrick,Summer,F,Beach Volleyball,Beach,none,"6'1""",166,3/20/82,Carlsbad,33.1247,-117.2837,Calif.,CA
April,Ross,Summer,F,Beach Volleyball,Beach,2012-S,"6'1""",165,6/20/82,Costa Mesa,33.6667,-117.9135,Calif.,CA
Brooke,Sweat,Summer,F,Beach Volleyball,Beach,none,"5'8""",154,3/27/86,Estero,26.4277,-81.7951,Fla.,FL
Kerri,Walsh Jennings,Summer,F,Beach Volleyball,Beach,2000; 2004-G; 2008-G; 2012-G,"6'3""",160,8/15/78,Saratoga,37.2684,-122.0263,Calif.,CA
Tony,Azevedo,Summer,M,Water Polo,Attacker,2000; 2004; 2008-S; 2012,"6'1""",198,11/21/81,Long Beach,33.7981,-118.1675,Calif.,CA
McQuin,Baron,Summer,M,Water Polo,Goalkeeper,none,"6'8""",205,10/27/95,North Tustin,33.7644,-117.7945,Calif.,CA
Bret,Bonanni,Summer,M,Water Polo,Attacker,none,"6'4""",205,1/20/94,Huntington Beach,33.696,-118.0025,Calif.,CA
Alex,Bowen,Summer,M,Water Polo,Attacker,none,"6'5""",220,9/4/93,Santee,32.8554,-116.9851,Calif.,CA
Luca,Cupido,Summer,M,Water Polo,Attacker,none,"6'4""",210,11/9/95,Newport Beach,33.6151,-117.8669,Calif.,CA
Thomas,Dunstan,Summer,M,Water Polo,Attacker (L),none,"6'3.5""",200,9/29/97,New Canaan,#N/A,#N/A,Conn.,CT
Ben,Hallock,Summer,M,Water Polo,Center,none,"6'6""",235,11/22/97,Westlake Village,34.1369,-118.822,Calif.,CA
John,Mann,Summer,M,Water Polo,Center,2012,"6'6""",250,6/27/85,Newport Beach,33.6151,-117.8669,Calif.,CA
Merrill,Moses,Summer,M,Water Polo,Goalkeeper,2008-S; 2012,"6'3""",215,8/13/77,Newbury Park,#N/A,#N/A,Calif.,CA
Alex,Obert,Summer,M,Water Polo,Center,none,"6'5""",233,12/18/91,Loomis,38.8093,-121.1955,Calif.,CA
Alex,Roelse,Summer,M,Water Polo,Defender,none,"6'8""",255,1/10/95,Westwoods,40.3049,-121.0045,Calif.,CA
Josh,Samuels,Summer,M,Water Polo,Attacker,none,"6'4""",210,7/8/91,Villa Park,41.8864,-87.9779,Calif.,CA
Jesse,Smith,Summer,M,Water Polo,Defender,"2004: 2008-S, 2012","6'4""",233,4/27/83,Coronado,32.664,-117.16,Calif.,CA
KK,Clark,Summer,F,Water Polo,Defender,none,"6'2""",160,6/28/90,Atherton,37.4539,-122.2032,Calif.,CA
Kami,Craig,Summer,F,Water Polo,Center,2008-S; 2012-G,"5'11""",195,7/21/87,Santa Barbara,34.4285,-119.7202,Calif.,CA
Rachel,Fattal,Summer,F,Water Polo,Attacker,none,"5'8""",145,12/10/93,Seal Beach,33.7542,-118.0714,Calif.,CA
Aria,Fischer,Summer,F,Water Polo,Attacker,none,"6'0""",173,3/2/99,Laguna Beach,33.5448,-117.7612,Calif.,CA
Makenzie,Fischer,Summer,F,Water Polo,Defender,none,"6'1""",165,3/29/97,Laguna Beach,33.5448,-117.7612,Calif.,CA
Kaleigh,Gilchrist,Summer,F,Water Polo,Attacker,none,"5'9""",170,5/16/92,Newport Beach,33.6151,-117.8669,Calif. ,CA
Sami,Hill,Summer,F,Water Polo,Goalkeeper,none,"6'0""",197,6/8/92,Santa Barbara,34.4285,-119.7202,Calif. ,CA
Ashleigh,Johnson,Summer,F,Water Polo,Goalkeeper,none,"6'1""",180,9/12/94,Miami,25.7839,-80.2102,Fla.,FL
Courtney,Mathewson,Summer,F,Water Polo,Attacker,2012-G,"5'7""",154,9/14/86,Anaheim,33.839,-117.8572,Calif.,CA
Maddie,Musselman,Summer,F,Water Polo,Attacker,none,"5'11""",145,6/16/98,Newport Beach,33.6151,-117.8669,Calif.,CA
Kiley,Neushul,Summer,F,Water Polo,Attacker,none,"5'8""",145,3/5/93,Isla Vista,34.4144,-119.8581,Calif. ,CA
Melissa,Seidemann,Summer,F,Water Polo,Defender,2012-G,"6'0""",230,6/26/90,Walnut Creek,37.9024,-122.0398,Calif.,CA
Maggie,Steffens,Summer,F,Water Polo,Defender,2012-G,"5'8""",165,6/4/93,Danville,40.1423,-87.6114,Calif. ,CA
Jenny,Arthur,Summer,F,Weightlifting,69 kg.,None,"5'5""",165,12/11/93,Gainesville,29.6804,-82.3458,Ga.,GA
Kendrick ,Farris,Summer,M,Weightlifting,94 kg.,"2008, 2012","5'6""",207,7/2/86,Shreveport,32.4656,-93.7956,La.,LA
Morghan ,King,Summer,F,Weightlifting,48 kg.,none,"5'0""",110,10/8/85,Redmond,47.6762,-122.1169,Wash. ,WV
Sarah,Robles,Summer,F,Weightlifting, +75 kg.,2012,"5'10""",310,8/1/88,Desert Hot Springs,33.9551,-116.543,Calif.,CA
Andy,Bisek,Summer,M,Wrestling,Greco-Roman 75 kg.,none,"5'10""",180,8/18/86,Chaska,44.8164,-93.6092,Minn.,MN
Jordan,Burroughs,Summer,M,Wrestling,Freestyle 74 kg.,2012-G,"5'7""",175,7/8/88,Sicklerville,#N/A,#N/A,N.J. ,ND
J'den,Cox,Summer,M,Wrestling,Freestyle 86 kg.,none,"5'11""",189,3/3/95,Columbia,34.0376,-80.9037,Mo. ,MO
Daniel,Dennis,Summer,M,Wrestling,Freestyle 57 kg.,none,"5'5""",125,9/24/86,Ingleside,27.87,-97.2077,Ill.,IL
Tervel,Dlagnev,Summer,M,Wrestling,Freestyle 125 kg.,2012,"6'2""",270,11/19/85,Columbus,39.9862,-82.985,Ohio,OH
Frank,Molinaro,Summer,M,Wrestling,Freestyle 65 kg.,none,"5'4""",155,12/27/88,Barnegat,39.753,-74.1095,N.J. ,NJ
Ben,Provisor,Summer,M,Wrestling,Greco-Roman 85 kg.,2012,"5'8""",195,6/26/90,Colorado Springs,38.8674,-104.7606,Colo. ,CO
Robby,Smith,Summer,M,Wrestling,Greco-Roman 130 kg.,none,"6'0""",280,1/30/87,San Ramon,37.7625,-121.9365,Calif. ,CA
Kyle,Snyder,Summer,M,Wrestling,Freestyle 97 kg.,none,"5'11""",225,11/20/95,Woodbine,39.2283,-74.8096,Md. ,MD
Jesse,Thielke,Summer,M,Wrestling,Greco-Roman 59 kg.,none,"5'7""",150,6/9/92,Germantown,39.1755,-77.2643,Wis.,WI
Haley,Augello,Summer,F,Wrestling,Freestyle 48 kg.,none,"5'2""",118,10/17/94,Lockport,43.1698,-78.6956,Ill.,IL
Adeline,Gray,Summer,F,Wrestling,Freestyle 75 kg.,none,"5'8""",170,1/15/91,Denver,39.7621,-104.8759,Colo. ,CO
Helen,Maroulis,Summer,F,Wrestling,Freestyle 53 kg.,none,"5'4""",125,9/19/91,Rocky Point,40.9357,-72.9364,Md.,MD
Elena,Pirozhkova,Summer,F,Wrestling,Freestyle 63 kg.,2012,"5'6""",158,10/13/86,Greenfield,42.9619,-88.0051,Mass.,MA